# time_s,x_m,y_m,psi_rad,kappa_rad,vx_mps,ax_mps2
0.000000,-0.095075,8.250606,-3.118376,1.063170,1.297533,-0.004537
0.050000,-0.231045,8.237499,-2.975555,1.013832,1.291195,0.191088
0.100000,-0.363874,8.204960,-2.824703,1.129463,1.303167,-0.222035
0.150000,-0.490088,8.152744,-2.670448,1.187615,1.293904,0.074969
0.200000,-0.606653,8.081452,-2.519615,1.058961,1.273263,1.422816
0.250000,-0.711991,7.994335,-2.385168,0.899615,1.388519,1.335762
0.300000,-0.805716,7.894812,-2.269835,0.784857,1.548143,0.580155
0.350000,-0.888182,7.785766,-2.168809,0.692494,1.593437,1.183006
0.400000,-0.959945,7.669380,-2.079679,0.612011,1.675453,1.425155
0.450000,-1.021689,7.547364,-2.000379,0.546635,1.795966,1.174292
0.500000,-1.074128,7.421060,-1.929305,0.494806,1.884655,1.212077
0.550000,-1.117945,7.291508,-1.866074,0.433443,1.966522,1.549853
0.600000,-1.154086,7.159600,-1.812133,0.356502,2.063704,2.502130
0.650000,-1.183801,7.026098,-1.769562,0.266609,2.202285,3.652614
0.700000,-1.208667,6.891607,-1.740060,0.165213,2.410106,3.148482
0.750000,-1.230517,6.756587,-1.724895,0.056316,2.610968,-0.308142
0.800000,-1.251321,6.621402,-1.724638,-0.053650,2.658170,-4.318157
0.850000,-1.273097,6.486370,-1.739064,-0.158118,2.438623,-3.691747
0.900000,-1.297769,6.351841,-1.767581,-0.258755,2.193015,-1.898480
0.950000,-1.327155,6.218270,-1.809331,-0.353483,2.058382,-1.593165
1.000000,-1.362913,6.086263,-1.863100,-0.434892,1.950102,-1.556248
1.050000,-1.406392,5.956604,-1.927083,-0.502499,1.832597,-0.824204
1.100000,-1.458684,5.830250,-2.000737,-0.571607,1.747821,0.023913
1.150000,-1.520638,5.708343,-2.083324,-0.642362,1.746927,-0.039011
1.200000,-1.592785,5.592208,-2.169478,-0.636204,1.745071,0.400412
1.250000,-1.674522,5.482577,-2.251438,-0.561629,1.756957,1.313945
1.300000,-1.764414,5.379526,-2.322899,-0.481867,1.845654,1.775137
1.350000,-1.860925,5.282631,-2.383906,-0.409584,1.968484,2.084726
1.400000,-1.962729,5.191300,-2.435316,-0.342692,2.103140,2.375742
1.450000,-2.068703,5.104836,-2.477647,-0.276649,2.248586,2.918061
1.500000,-2.177873,5.022438,-2.510920,-0.210058,2.407485,4.316191
1.550000,-2.289363,4.943203,-2.534977,-0.141902,2.620976,4.337331
1.600000,-2.402365,4.866138,-2.549538,-0.071216,2.861810,1.187087
1.650000,-2.516107,4.790171,-2.554258,0.002183,2.971232,-3.397113
1.700000,-2.629828,4.714175,-2.549066,0.074446,2.844672,-4.137656
1.750000,-2.742739,4.636988,-2.533189,0.153747,2.599617,-0.787237
1.800000,-2.853980,4.557408,-2.505443,0.251424,2.530901,0.204995
1.850000,-2.962504,4.474176,-2.467973,0.309698,2.545415,-0.149505
1.900000,-3.067563,4.386606,-2.425738,0.309980,2.539341,-0.009010
1.950000,-3.168863,4.294713,-2.384443,0.293298,2.533021,0.561668
2.000000,-3.266392,4.198825,-2.345214,0.278944,2.555881,0.881760
2.050000,-3.360178,4.099273,-2.307735,0.269469,2.602944,0.856236
2.100000,-3.450232,3.996333,-2.271552,0.259878,2.647707,0.874995
2.150000,-3.536572,3.890257,-2.236620,0.250781,2.691982,0.898094
2.200000,-3.619222,3.781280,-2.202886,0.242555,2.737275,0.896965
2.250000,-3.698210,3.669621,-2.170245,0.234779,2.781723,0.899826
2.300000,-3.773572,3.555483,-2.138634,0.227464,2.825569,0.902727
2.350000,-3.845346,3.439054,-2.107995,0.220582,2.868923,0.904604
2.400000,-3.913575,3.320513,-2.078272,0.214061,2.911703,0.907783
2.450000,-3.978304,3.200025,-2.049419,0.207863,2.953996,0.912160
2.500000,-4.039581,3.077744,-2.021394,0.201950,2.995881,0.917936
2.550000,-4.097457,2.953818,-1.994161,0.196288,3.037430,0.925502
2.600000,-4.151986,2.828382,-1.967687,0.190842,3.078736,0.935101
2.650000,-4.203221,2.701565,-1.941946,0.185585,3.119893,0.946989
2.700000,-4.251221,2.573488,-1.916912,0.180488,3.161004,0.961455
2.750000,-4.296045,2.444265,-1.892566,0.175527,3.202178,0.978814
2.800000,-4.337754,2.314002,-1.868889,0.170679,3.243532,0.999341
2.850000,-4.376411,2.182802,-1.845871,0.165921,3.285187,1.023375
2.900000,-4.412080,2.050757,-1.823503,0.161234,3.327274,1.051349
2.950000,-4.444829,1.917959,-1.801749,0.156598,3.369931,1.083712
3.000000,-4.474726,1.784488,-1.780666,0.152003,3.413310,1.120360
3.050000,-4.501842,1.650426,-1.760241,0.147430,3.457558,1.161916
3.100000,-4.526250,1.515843,-1.740119,0.142822,3.502808,1.211884
3.150000,-4.548023,1.380809,-1.721310,0.138255,3.549328,1.264474
3.200000,-4.567240,1.245388,-1.703253,0.133749,3.597295,1.318274
3.250000,-4.583976,1.109638,-1.681335,0.128994,3.646520,1.395359
3.300000,-4.598315,0.973613,-1.671498,0.124156,3.697704,1.482779
3.350000,-4.610341,0.837364,-1.659016,0.119567,3.751478,1.556236
3.400000,-4.620138,0.700937,-1.587377,0.115231,3.807268,1.617207
3.450000,-4.627783,0.564373,-1.699398,0.110677,3.864414,1.703977
3.500000,-4.633361,0.427709,-1.686697,0.105617,3.923291,1.838599
3.550000,-4.636965,0.290979,-0.915142,0.100380,3.985678,1.993130
3.600000,-4.638690,0.154211,-3.117045,0.095293,4.052288,2.140589
3.650000,-4.638634,0.017433,-1.403872,0.090248,4.122863,2.293381
3.700000,-4.636889,-0.119334,-2.031496,0.084766,4.196900,2.496977
3.750000,-4.633559,-0.256072,-1.361822,0.079122,4.275811,2.728290
3.800000,-4.628749,-0.392766,-1.534748,0.073757,4.360530,2.947084
3.850000,-4.622559,-0.529405,-1.550008,0.068819,4.450618,3.141114
3.900000,-4.615084,-0.665978,-1.498621,0.063657,4.544714,3.382762
3.950000,-4.606421,-0.802482,-1.504560,0.058116,4.643422,3.688061
4.000000,-4.596673,-0.938912,-1.497462,0.052489,4.748671,4.030579
4.050000,-4.585946,-1.075269,-1.488046,0.046694,4.860937,4.443148
4.100000,-4.574349,-1.211555,-1.483121,0.040802,4.981520,4.873622
4.150000,-4.561991,-1.347774,-1.477889,0.035009,5.111161,5.193428
4.200000,-4.548980,-1.483933,-1.473328,0.029418,5.247124,5.276164
4.250000,-4.535422,-1.620037,-1.469766,0.023832,5.383229,5.225850
4.300000,-4.521420,-1.756097,-1.466891,0.018030,5.514636,5.222112
4.350000,-4.507084,-1.892122,-1.464821,0.012065,5.642398,5.293029
4.400000,-4.492523,-2.028124,-1.463585,0.006061,5.769004,5.125667
4.450000,-4.477849,-2.164113,-1.463162,0.000122,5.891667,5.125960
4.500000,-4.463172,-2.300102,-1.463547,-0.005732,6.005421,6.068704
4.550000,-4.448602,-2.436102,-1.464734,-0.011598,6.140828,3.252084
4.600000,-4.434249,-2.572125,-1.466724,-0.017532,6.248235,-2.719976
4.650000,-4.420221,-2.708183,-1.469529,-0.023488,6.207173,-4.159001
4.700000,-4.406630,-2.844285,-1.473146,-0.029401,6.109659,-3.174046
4.750000,-4.393588,-2.980440,-1.477577,-0.035355,6.033415,-2.254744
4.800000,-4.381203,-3.116657,-1.482822,-0.041403,5.976983,-1.291178
4.850000,-4.369589,-3.252941,-1.488868,-0.046982,5.942607,-0.547138
4.900000,-4.358853,-3.389298,-1.495706,-0.052746,5.927154,-0.048726
4.950000,-4.349093,-3.525728,-1.503188,-0.057369,5.923563,0.130177
5.000000,-4.340386,-3.662230,-1.510703,-0.051523,5.928788,-0.973577
5.050000,-4.332630,-3.798789,-1.517106,-0.038511,5.916899,-3.037441
5.100000,-4.325606,-3.935387,-1.521548,-0.027257,5.857632,-5.174377
5.150000,-4.319093,-4.072011,-1.524537,-0.017256,5.747833,-7.379373
5.200000,-4.312901,-4.208649,-1.526253,-0.007591,5.580609,-8.562678
5.250000,-4.306851,-4.345294,-1.526637,0.001946,5.366289,-8.049894
5.300000,-4.300765,-4.481937,-1.525727,0.011283,5.151343,-7.107717
5.350000,-4.294468,-4.618571,-1.523545,0.020603,4.953184,-6.273773
5.400000,-4.287786,-4.755186,-1.520090,0.029970,4.771960,-5.554477
5.450000,-4.280544,-4.891773,-1.515354,0.039242,4.605098,-4.831150
5.500000,-4.272568,-5.028319,-1.509304,0.049181,4.454242,-4.166555
5.550000,-4.263672,-5.164809,-1.501872,0.059824,4.320127,-3.670403
5.600000,-4.253662,-5.301220,-1.493000,0.069911,4.199614,-3.385434
5.650000,-4.242352,-5.437530,-1.482846,0.078320,4.086282,-3.180870
5.700000,-4.229583,-5.573711,-1.471612,0.085473,3.976724,-2.959469
5.750000,-4.215221,-5.709735,-1.459411,0.092964,3.871661,-2.718082
5.800000,-4.199129,-5.845564,-1.446146,0.101194,3.772408,-2.489822
5.850000,-4.181159,-5.981157,-1.431719,0.109887,3.679216,-2.286302
5.900000,-4.161153,-6.116465,-1.416091,0.118610,3.591512,-2.101074
5.950000,-4.138954,-6.251430,-1.399267,0.127385,3.509053,-1.943164
6.000000,-4.114408,-6.385988,-1.381249,0.136124,3.431178,-1.807605
6.050000,-4.087360,-6.520065,-1.362038,0.144729,3.357138,-1.685752
6.100000,-4.057665,-6.653581,-1.341651,0.153364,3.286683,-1.585204
6.150000,-4.025175,-6.786444,-1.320087,0.161986,3.219173,-1.500422
6.200000,-3.989750,-6.918554,-1.297343,0.170552,3.153972,-1.421012
6.250000,-3.951252,-7.049801,-1.273419,0.179262,3.090938,-1.344183
6.300000,-3.909549,-7.180065,-1.248291,0.188215,3.030096,-1.273473
6.350000,-3.864506,-7.309211,-1.221923,0.197394,2.971365,-1.211634
6.400000,-3.815992,-7.437094,-1.194289,0.206713,2.914435,-1.156772
6.450000,-3.763883,-7.563553,-1.165368,0.216197,2.859067,-1.108106
6.500000,-3.708058,-7.688416,-1.135136,0.225896,2.805046,-1.065203
6.550000,-3.648402,-7.811493,-1.103561,0.235845,2.752159,-1.027446
6.600000,-3.584808,-7.932582,-1.070605,0.246091,2.700206,-0.994425
6.650000,-3.517174,-8.051461,-1.036225,0.256683,2.648993,-0.965487
6.700000,-3.445409,-8.167891,-1.000369,0.267682,2.598336,-0.939831
6.750000,-3.369430,-8.281615,-0.962976,0.279162,2.548087,-0.917218
6.800000,-3.289166,-8.392354,-0.923976,0.291197,2.498104,-0.897493
6.850000,-3.204555,-8.499809,-0.883287,0.303863,2.448238,-0.878113
6.900000,-3.115552,-8.603653,-0.840816,0.317265,2.398370,-0.851820
6.950000,-3.022128,-8.703536,-0.796450,0.331573,2.348913,-0.833431
7.000000,-2.924271,-8.799079,-0.750069,0.346821,2.299843,-0.797335
7.050000,-2.821993,-8.889872,-0.701547,0.362797,2.250375,-0.610902
7.100000,-2.715336,-8.975476,-0.650687,0.380837,2.208879,-0.303036
7.150000,-2.604368,-9.055411,-0.597329,0.400282,2.185243,-0.036830
7.200000,-2.489201,-9.129164,-0.541581,0.415333,2.180851,0.006081
7.250000,-2.370052,-9.196287,-0.484441,0.420308,2.182099,0.003351
7.300000,-2.247252,-9.256479,-0.427273,0.414482,2.181077,0.134160
7.350000,-2.121240,-9.309626,-0.371262,0.403847,2.186765,0.329150
7.400000,-1.992482,-9.355734,-0.316706,0.393603,2.204708,0.425296
7.450000,-1.861426,-9.394839,-0.263393,0.386303,2.231212,0.373730
7.500000,-1.728485,-9.426965,-0.210924,0.381385,2.255249,0.289739
7.550000,-1.594049,-9.452118,-0.159149,0.376120,2.273642,0.267408
7.600000,-1.458500,-9.470335,-0.108217,0.368572,2.289160,0.331719
7.650000,-1.322205,-9.481702,-0.058471,0.358593,2.307517,0.441630
7.700000,-1.185517,-9.486377,-0.010156,0.347656,2.332026,0.535165
7.750000,-1.048759,-9.484546,0.036692,0.337312,2.362333,0.575973
7.800000,-0.912231,-9.476406,0.082206,0.328384,2.395385,0.566534
7.850000,-0.776207,-9.462144,0.126555,0.320281,2.427815,0.548226
7.900000,-0.640937,-9.441937,0.169837,0.312647,2.458669,0.537219
7.950000,-0.506656,-9.415964,0.212120,0.305633,2.488486,0.523520
8.000000,-0.373577,-9.384400,0.253514,0.299739,2.517396,0.488717
8.050000,-0.241905,-9.347406,0.294163,0.294839,2.544404,0.442249
8.100000,-0.111831,-9.305133,0.334194,0.290585,2.568610,0.399847
8.150000,0.016460,-9.257724,0.373681,0.286876,2.590302,0.361224
8.200000,0.142792,-9.205318,0.412690,0.283591,2.609742,0.328416
8.250000,0.266996,-9.148052,0.451277,0.280677,2.627238,0.298765
8.300000,0.388911,-9.086060,0.489494,0.278200,2.643137,0.264644
8.350000,0.508379,-9.019474,0.527403,0.276179,2.657185,0.240700
8.400000,0.625247,-8.948423,0.565067,0.274616,2.669707,0.199355
8.450000,0.739363,-8.873033,0.602548,0.273516,2.680937,0.082868
8.500000,0.850580,-8.793427,0.639910,0.272859,2.686826,-0.042236
8.550000,0.958748,-8.709726,0.677211,0.272630,2.685855,-0.122814
8.600000,1.063720,-8.622050,0.714510,0.272828,2.680198,-0.161889
8.650000,1.165347,-8.530518,0.751865,0.273453,2.672252,-0.193576
8.700000,1.263480,-8.435250,0.789335,0.274508,2.662762,-0.229806
8.750000,1.357967,-8.336364,0.826979,0.275996,2.651343,-0.263130
8.800000,1.448654,-8.233983,0.864856,0.277926,2.638115,-0.294676
8.850000,1.535384,-8.128228,0.903029,0.280307,2.623165,-0.324960
8.900000,1.617996,-8.019227,0.941558,0.283151,2.606519,-0.353359
8.950000,1.696325,-7.907108,0.980509,0.286470,2.588242,-0.379834
9.000000,1.770200,-7.792007,1.019947,0.290280,2.568402,-0.404389
9.050000,1.839448,-7.674064,1.059941,0.294596,2.547065,-0.426804
9.100000,1.903888,-7.553427,1.100561,0.299438,2.524303,-0.446679
9.150000,1.963333,-7.430252,1.141880,0.304815,2.500217,-0.464805
9.200000,2.017591,-7.304707,1.183971,0.310746,2.474880,-0.480410
9.250000,2.066465,-7.176970,1.226914,0.317261,2.448346,-0.491349
9.300000,2.109751,-7.047232,1.270784,0.324330,2.420874,-0.503649
9.350000,2.147240,-6.915704,1.315661,0.331958,2.392446,-0.511796
9.400000,2.178719,-6.782609,1.361623,0.340213,2.362948,-0.506045
9.450000,2.203971,-6.648195,1.408758,0.349124,2.333494,-0.521512
9.500000,2.222781,-6.512730,1.457106,0.358112,2.303039,-0.425966
9.550000,2.234932,-6.376507,1.506750,0.367545,2.273601,-0.100389
9.600000,2.240209,-6.239845,1.558018,0.381799,2.263633,-0.002542
9.650000,2.238384,-6.103096,1.610515,0.389477,2.265223,0.011110
9.700000,2.229336,-5.966632,1.662940,0.376836,2.262421,0.357962
9.750000,2.213297,-5.830811,1.713307,0.357887,2.278238,0.693980
9.800000,2.190621,-5.695936,1.761032,0.340169,2.316434,0.863127
9.850000,2.161696,-5.562260,1.806367,0.323137,2.365657,0.946544
9.900000,2.126899,-5.429992,1.849278,0.304586,2.418548,1.079157
9.950000,2.086625,-5.299285,1.889669,0.285684,2.476616,1.225439
10.000000,2.041271,-5.170252,1.927535,0.268088,2.542055,1.324160
10.050000,1.991215,-5.042968,1.963038,0.251162,2.611237,1.422696
10.100000,1.936816,-4.917478,1.996274,0.234815,2.683462,1.529956
10.150000,1.878413,-4.793799,2.027303,0.218981,2.759103,1.648509
10.200000,1.816332,-4.671925,2.056182,0.203324,2.838162,1.794028
10.250000,1.750885,-4.551824,2.082968,0.188273,2.921646,1.945793
10.300000,1.682365,-4.433448,2.107719,0.173767,3.009830,2.109709
10.350000,1.611051,-4.316734,2.130481,0.159105,3.102279,2.324031
10.400000,1.537215,-4.201598,2.151247,0.144475,3.200710,2.575588
10.450000,1.461117,-4.087943,2.170010,0.129928,3.306399,2.875242
10.500000,1.383012,-3.975659,2.186776,0.115243,3.420102,3.244100
10.550000,1.303147,-3.864618,2.201532,0.100490,3.543927,3.632757
10.600000,1.221763,-3.754686,2.214265,0.085708,3.678048,4.197387
10.650000,1.139096,-3.645715,2.224974,0.070869,3.824517,4.902742
10.700000,1.055377,-3.537551,2.233648,0.055956,3.992155,4.951953
10.750000,0.970832,-3.430030,2.240278,0.040976,4.160939,5.561287
10.800000,0.885686,-3.322984,2.244852,0.025917,4.326312,6.012311
10.850000,0.800162,-3.216241,2.247357,0.010700,4.530081,0.137038
10.900000,0.714482,-3.109623,2.247773,-0.004636,4.597324,-6.046824
10.950000,0.628869,-3.002951,2.246088,-0.020008,4.426812,-6.431988
11.000000,0.543549,-2.896045,2.242302,-0.035363,4.215996,-5.514414
11.050000,0.458747,-2.788727,2.236413,-0.050746,4.026868,-4.792543
11.100000,0.374692,-2.680824,2.228416,-0.066187,3.855286,-4.170385
11.150000,0.291617,-2.572164,2.218307,-0.081651,3.699619,-3.649955
11.200000,0.209762,-2.462584,2.206080,-0.097132,3.557979,-3.215086
11.250000,0.129369,-2.351927,2.191737,-0.112611,3.428550,-2.844490
11.300000,0.050691,-2.240044,2.175277,-0.128066,3.309889,-2.527294
11.350000,-0.026016,-2.126801,2.156700,-0.143578,3.200993,-2.277825
11.400000,-0.100484,-2.012074,2.136017,-0.158932,3.100021,-2.078989
11.450000,-0.172441,-1.895757,2.113254,-0.173909,3.004892,-1.892344
11.500000,-0.241611,-1.777761,2.088415,-0.189198,2.915556,-1.725562
11.550000,-0.307702,-1.658015,2.061461,-0.204973,2.831813,-1.609033
11.600000,-0.370411,-1.536464,2.032349,-0.220801,2.752191,-1.554514
11.650000,-0.429422,-1.413076,2.001101,-0.236192,2.673318,-1.499723
11.700000,-0.484414,-1.287847,1.967691,-0.252096,2.594477,-1.375100
11.750000,-0.535048,-1.160794,1.931959,-0.270141,2.518548,-1.141430
11.800000,-0.580945,-1.031954,1.893561,-0.291177,2.452033,-0.814709
11.850000,-0.621672,-0.901389,1.852249,-0.313337,2.401206,-0.399904
11.900000,-0.656774,-0.769202,1.807982,-0.334327,2.372153,-0.039217
11.950000,-0.685814,-0.635553,1.761117,-0.351929,2.367676,-0.015279
12.000000,-0.708451,-0.500675,1.712991,-0.355065,2.368015,0.061357
12.050000,-0.724572,-0.364860,1.665309,-0.342097,2.367263,0.405419
12.100000,-0.734335,-0.228442,1.619512,-0.327023,2.386181,0.671975
12.150000,-0.737985,-0.091721,1.575784,-0.312638,2.422024,0.819516
12.200000,-0.735788,0.045031,1.534014,-0.298295,2.466583,0.912798
12.250000,-0.728016,0.181581,1.494197,-0.284014,2.515613,0.999461
12.300000,-0.714947,0.317726,1.456315,-0.269970,2.568323,1.082000
12.350000,-0.696860,0.453298,1.420337,-0.256184,2.624374,1.163090
12.400000,-0.674035,0.588152,1.386233,-0.242542,2.683302,1.252901
12.450000,-0.646750,0.722176,1.353983,-0.229059,2.745328,1.351941
12.500000,-0.615279,0.855281,1.323567,-0.215725,2.810707,1.461836
12.550000,-0.579895,0.987399,1.294967,-0.202500,2.879676,1.586016
12.600000,-0.540865,1.118487,1.268168,-0.189372,2.952624,1.726569
12.650000,-0.498453,1.248521,1.243158,-0.176330,3.029980,1.886109
12.700000,-0.452917,1.377494,1.219927,-0.163359,3.112217,2.067876
12.750000,-0.404511,1.505418,1.198466,-0.150449,3.199875,2.275578
12.800000,-0.353482,1.632320,1.178767,-0.137598,3.293561,2.513857
12.850000,-0.300074,1.758238,1.160820,-0.124819,3.393957,2.786536
12.900000,-0.244524,1.883227,1.144615,-0.112120,3.501808,3.098423
12.950000,-0.187063,2.007350,1.130157,-0.099324,3.617845,3.473139
13.000000,-0.127921,2.130681,1.117440,-0.086550,3.743301,3.906750
13.050000,-0.067322,2.253302,1.106439,-0.074240,3.879745,4.372670
13.100000,-0.005481,2.375302,1.097134,-0.061913,4.027092,4.949962
13.150000,0.057391,2.496775,1.089523,-0.049358,4.186917,5.262301
13.200000,0.121081,2.617820,1.083622,-0.036906,4.356738,5.009098
13.250000,0.185383,2.738542,1.079419,-0.024552,4.511308,6.034128
13.300000,0.250089,2.859048,1.076901,-0.012260,4.677237,4.883114
13.350000,0.314998,2.979444,1.076059,-0.000046,4.856971,-2.570373
13.400000,0.379908,3.099841,1.076882,0.012086,4.833534,-6.705709
13.450000,0.444619,3.220344,1.079360,0.024154,4.638182,-6.029003
13.500000,0.508932,3.341060,1.083486,0.036167,4.450335,-5.276192
13.550000,0.572647,3.462092,1.089247,0.048083,4.280527,-4.677723
13.600000,0.635565,3.583541,1.096630,0.059892,4.123870,-4.114828
13.650000,0.697486,3.705501,1.105624,0.071620,3.981077,-3.647369
13.700000,0.758209,3.828061,1.116219,0.083309,3.850212,-3.239484
13.750000,0.817532,3.951305,1.128414,0.094997,3.730160,-2.884269
13.800000,0.875249,4.075309,1.142202,0.106641,3.620070,-2.594119
13.850000,0.931152,4.200141,1.157564,0.118052,3.518484,-2.374330
13.900000,0.985034,4.325859,1.174449,0.128974,3.423208,-2.193084
13.950000,1.036692,4.452506,1.192811,0.139531,3.332792,-2.032438
14.000000,1.085923,4.580116,1.212630,0.150245,3.246953,-1.904248
14.050000,1.132521,4.708710,1.233910,0.160989,3.164550,-1.783811
14.100000,1.176276,4.838299,1.256678,0.171877,3.085206,-1.666760
14.150000,1.216971,4.968881,1.280972,0.183326,3.009340,-1.574795
14.200000,1.254378,5.100442,1.306839,0.194985,2.936014,-1.494950
14.250000,1.288263,5.232953,1.334319,0.206822,2.864676,-1.428108
14.300000,1.318385,5.366369,1.363450,0.219136,2.795090,-1.388667
14.350000,1.344495,5.500628,1.394291,0.231859,2.725992,-1.370721
14.400000,1.366333,5.635646,1.426883,0.244801,2.656244,-1.373467
14.450000,1.383637,5.771320,1.461295,0.258276,2.584765,-1.372584
14.500000,1.396133,5.907520,1.497683,0.273585,2.510534,-1.277043
14.550000,1.403527,6.044090,1.536091,0.288696,2.437774,-1.071281
14.600000,1.405548,6.180846,1.576210,0.299266,2.373500,-0.939936
14.650000,1.401999,6.317569,1.617277,0.302321,2.320386,-1.268622
14.700000,1.392784,6.454027,1.659304,0.309509,2.251977,-1.703554
14.750000,1.377742,6.589964,1.703223,0.330837,2.149632,-1.801721
14.800000,1.356526,6.725076,1.750643,0.361813,2.030048,-1.592664
14.850000,1.328650,6.858968,1.802216,0.393577,1.914514,-1.274195
14.900000,1.293637,6.991172,1.857780,0.420254,1.815946,-1.008275
14.950000,1.251111,7.121152,1.916669,0.442038,1.734507,-0.829713
15.000000,1.200824,7.248329,1.978464,0.462085,1.665112,-0.690839
15.050000,1.142607,7.372074,2.043086,0.483224,1.604634,-0.528809
15.100000,1.076345,7.491703,2.110693,0.506082,1.554852,-0.330353
15.150000,1.001980,7.606466,2.181306,0.527844,1.522077,-0.228564
15.200000,0.919524,7.715558,2.255246,0.552543,1.500956,-0.149732
15.250000,0.829058,7.818103,2.332983,0.584729,1.483345,0.005120
15.300000,0.730706,7.913102,2.414668,0.612612,1.483348,-0.173739
15.350000,0.624700,7.999471,2.501931,0.655973,1.475861,-0.366750
15.400000,0.511343,8.075920,2.596706,0.729633,1.437914,-0.095635
15.450000,0.390970,8.140784,2.699134,0.783133,1.421961,0.095266
15.500000,0.264396,8.192358,2.810607,0.833623,1.430869,-0.086630
15.550000,0.132715,8.228951,2.933411,0.943783,1.431657,-0.694733
