#x_m,y_m,w_tr_right_m,w_tr_left_m
-0.6403064307293915,9.140306430729392,1.1869316876852982,1.1603718436910204
-0.519594302977989,9.069594302977993,1.1172617529928752,1.1161903789690601
-0.38423823910228716,9.03423823910229,1.051135777277262,1.0200467279516348
-0.26352611135088466,8.963526111350888,1.001189802081432,0.9759142264341597
-0.14281398359948128,8.892813983599485,0.92082439194738,0.9348857801796104
-0.022102457866683523,8.822102457866684,0.8986832980505138,0.867877987534291
0.08396344489760743,8.716036555102395,0.8444271909999159,0.8402246907382429
0.19002934766189838,8.609970652338106,0.8102325267042627,0.8
0.26073994950475843,8.489260050495243,0.7639410298049853,0.8
0.35000000000000053,8.37623291015625,0.782165848854662,0.756225774829855
0.40216227880880506,8.247837721191196,0.7577747210701755,0.782165848854662
0.4500000000000002,8.117651367187502,0.7746211251235322,0.7746211251235322
0.5000000000000009,7.988360595703128,0.8014693182963202,0.7746211251235322
0.5000000000000009,7.838360595703126,0.8,0.823212459828649
0.5500000000000007,7.709069824218751,0.8444271909999159,0.8044003745317531
0.6000000000000005,7.579779052734377,0.8360022573334676,0.8044003745317531
0.6496547259387144,7.450345274061288,0.8,0.8360022573334676
0.7000000000000002,7.3211975097656286,0.8360022573334676,0.8
0.7500000000000009,7.191906738281251,0.8360022573334676,0.8
0.7500000000000009,7.041906738281252,0.7881527307120106,0.8
0.7910789814415198,6.908921018558484,0.7577747210701755,0.8
0.8000000000000007,6.762615966796876,0.7577747210701755,0.75
0.8500000000000005,6.633325195312501,0.7639410298049853,0.7148529270389178
0.8500000000000005,6.483325195312503,0.7262087348130013,0.75
0.9000000000000004,6.354034423828125,0.7405694150420948,0.7000000000000001
0.9000000000000004,6.204034423828126,0.7066372975210778,0.7000000000000001
0.9000000000000004,6.054034423828128,0.6658910531638177,0.7148529270389178
0.9500000000000002,5.92474365234375,0.6933034373659254,0.6571067811865476
0.9500000000000002,5.774743652343751,0.6571067811865476,0.65
0.9500000000000002,5.624743652343753,0.65,0.65
0.9500000000000002,5.474743652343751,0.65,0.65
0.9500000000000002,5.324743652343752,0.65,0.65
0.9500000000000002,5.17474365234375,0.65,0.65
0.9500000000000002,5.024743652343751,0.65178344238091,0.65
0.9500000000000002,4.874743652343753,0.6780109889280519,0.65
0.9000000000000004,4.745452880859375,0.6658910531638177,0.7000000000000001
0.9000000000000004,4.595452880859376,0.7016648189186454,0.7000000000000001
0.9000000000000004,4.445452880859378,0.7262087348130013,0.7000000000000001
0.8500000000000005,4.316162109375,0.7066372975210778,0.75
0.8500000000000005,4.166162109375001,0.7405694150420948,0.75
0.8000000000000007,4.036871337890627,0.7262087348130013,0.7639410298049853
0.8000000000000007,3.886871337890625,0.7639410298049853,0.75
0.7500000000000009,3.7575805664062507,0.7405694150420948,0.7881527307120106
0.7500000000000009,3.607580566406252,0.7746211251235322,0.756225774829855
0.7000000000000002,3.478289794921876,0.7746211251235322,0.8
0.7000000000000002,3.3282897949218757,0.8131338250816035,0.7881527307120106
0.6500000000000004,3.1989990234375014,0.8044003745317531,0.8058621384311846
0.6139361242986627,3.0639361242986656,0.8,0.8500000000000001
0.5785800604229614,2.928580060422963,0.823212459828649,0.8692388155425118
0.5432239965472601,2.793223996547262,0.823212459828649,0.8692388155425118
0.4725118687958574,2.6725118687958584,0.823212459828649,0.8840770846134703
0.4017997410444547,2.551799741044455,0.824642784226795,0.8933981132056603
0.3310891003646885,2.431089100364689,0.8345903006477067,0.9104686356149273
0.22502319760039757,2.3250231976004,0.8338834764831845,0.9361541461658011
0.15431226712318935,2.204312267123189,0.867877987534291,0.92082439194738
0.05000000000000071,2.0975189208984393,0.8719544457292887,0.90524865872714
-0.02246498780777184,1.9775350121922273,0.8692388155425118,0.92082439194738
-0.1285308905720628,1.871469109427938,0.8692388155425118,0.9361541461658011
-0.23459679333635375,1.7654032066636471,0.8692388155425118,0.9104686356149273
-0.3553076338777057,1.694692366122295,0.8338834764831845,0.92082439194738
-0.4613739944066566,1.588626005593344,0.8402246907382429,0.90524865872714
-0.5746643066406243,1.5000000000000018,0.867877987534291,0.9045941546018392
-0.6881508815088146,1.4118491184911868,0.8692388155425118,0.9399494936611665
-0.8088614833516754,1.341138516648325,0.92082439194738,0.9807764064044152
-0.9295720851945362,1.270427914805465,0.954987562112089,1.0316653826391968
-1.050399780273437,1.200000000000001,1.05,1.0813708498984762
-1.1796905517578122,1.1500000000000021,1.1,1.1215374513859981
-1.3063507933996052,1.0936492066003964,1.1500000000000001,1.2119429464123963
-1.412417459107191,0.9875825408928094,1.2000000000000002,1.2471121771072848
-1.4831290461804056,0.8668709538195962,1.1500000000000001,1.2471121771072848
-1.4999999999999996,0.7238586425781257,1.1593386622447823,1.1849089035228468
-1.5499999999999998,0.5945678710937514,1.1384864324004713,1.1849089035228468
-1.5891972378075092,0.4608027621924915,1.1,1.2000000000000002
-1.5999999999999996,0.3152770996093768,1.1,1.166552506059644
-1.5999999999999996,0.16527709960937642,1.1,1.1510412149464313
-1.5999999999999996,0.015277099609376066,1.1,1.1500000000000001
-1.5999999999999996,-0.1347229003906243,1.1,1.1172617529928752
-1.5999999999999996,-0.28472290039062287,1.1,1.101086443322134
-1.5499999999999998,-0.41401367187499893,1.0680339887498949,1.05
-1.5400906344410874,-0.5599093655589122,1.001189802081432,1.05
-1.4693785066896847,-0.6806214933103139,0.9904326023342407,1.0047511554864494
-1.434022442813983,-0.8159775571860148,0.9562305898749055,0.9807764064044152
-1.3633103150625803,-0.9366896849374164,0.9562305898749055,0.9611874208078343
-1.3279542511868794,-1.0720457488131192,0.92082439194738,0.9462429422585639
-1.2572421234354767,-1.1927578765645226,0.9117692030835672,0.92082439194738
-1.221886059559775,-1.3281139404402218,0.8894147114027968,0.9156603957913984
-1.1511739318083722,-1.4488260681916252,0.8800537618869138,0.8986832980505138
-1.0999999999999996,-1.5776306152343729,0.8894147114027968,0.867877987534291
-1.0451058457953,-1.7048941542046983,0.8513878188659973,0.8894147114027968
-0.9499999999999993,-1.8154998779296854,0.8800537618869138,0.8513878188659973
-0.8683293411881481,-1.93167065881185,0.867877987534291,0.867877987534291
-0.7999999999999998,-2.053369140624998,0.867877987534291,0.8513878188659973
-0.7269070585442696,-2.173092941455728,0.8513878188659973,0.867877987534291
-0.6561964567014087,-2.2938035432985906,0.8345903006477067,0.8800537618869138
-0.5501305539371177,-2.3998694460628816,0.8513878188659973,0.8692388155425118
-0.4440646511728268,-2.505935348827169,0.8692388155425118,0.8719544457292887
-0.3379987484085367,-2.6120012515914617,0.8692388155425118,0.8933981132056603
-0.23193284564424488,-2.7180671543557526,0.8692388155425118,0.8719544457292887
-0.1258669428799548,-2.8241330571200436,0.8692388155425118,0.8692388155425118
-0.01980104011566386,-2.9301989598843345,0.8719544457292887,0.8692388155425118
0.0862648626486271,-3.0362648626486273,0.8933981132056603,0.8692388155425118
0.1569758743220504,-3.1569758743220486,0.8800537618869138,0.9104686356149273
0.2684448242187507,-3.2499999999999982,0.9045941546018392,0.9361541461658011
0.3483977471353663,-3.3483977471353636,0.90524865872714,0.9399494936611665
0.45446364989965726,-3.4544636498996564,0.9361541461658011,0.9399494936611665
0.5605295526639482,-3.5605295526639473,0.9500000000000001,0.9500000000000001
0.6665954554282392,-3.6665954554282383,0.9759142264341597,0.9753048327204938
0.7726613581925301,-3.7726613581925292,0.9904326023342407,0.9759142264341597
0.8787272609568202,-3.8787272609568184,1.013014581273465,0.9904326023342407
0.984793163721112,-3.9847931637211094,1.0316653826391968,1.013014581273465
1.090859066485402,-4.0908590664854,1.0465856099730655,1.0316653826391968
1.196924969249693,-4.196924969249691,1.0316653826391968,1.0460155108391487
1.317635571092553,-4.267635571092551,1.0465856099730655,1.0200467279516348
1.4237014738568439,-4.373701473856842,1.0316653826391968,1.0460155108391487
1.5444120756997046,-4.444412075699704,1.0420164833920778,1.0106601717798214
1.6651227863215903,-4.515122786321588,1.001189802081432,0.9753048327204938
1.7711894520291755,-4.621189452029175,0.9562305898749055,0.9753048327204938
1.8919002611078746,-4.691900261107874,0.9562305898749055,0.9361541461658011
1.9979661638721655,-4.797966163872163,0.9117692030835672,0.9104686356149273
2.1186768463211685,-4.868676846321167,0.9104686356149273,0.8719544457292887
2.2247432068501203,-4.974743206850118,0.8800537618869138,0.8692388155425118
2.330809567379071,-5.080809567379068,0.8513878188659973,0.8692388155425118
2.4515202520446255,-5.151520252044624,0.8692388155425118,0.8338834764831845
2.522231013796378,-5.272231013796376,0.8345903006477067,0.8692388155425118
2.628297679503963,-5.378297679503963,0.8513878188659973,0.867877987534291
2.699008437452796,-5.499008437452794,0.8444271909999159,0.8800537618869138
2.769719039295656,-5.619719039295656,0.867877987534291,0.9045941546018392
2.8500000000000005,-5.736465454101562,0.9117692030835672,0.8933981132056603
2.9464955439028078,-5.846495543902806,0.9156603957913984,0.9104686356149273
3.000000000000001,-5.974334716796874,0.969803902718557,0.9399494936611665
3.05,-6.103625488281249,1.001189802081432,0.9904326023342407
3.087919723780751,-6.237919723780751,1.0,1.051135777277262
3.1000000000000005,-6.382916259765624,1.05,1.0912712210513327
3.1500000000000012,-6.512207031249999,1.1,1.1300423721205948
3.193987915407855,-6.643987915407853,1.1,1.1798373876248844
3.2,-6.791497802734374,1.1541594578792296,1.2119429464123963
3.2,-6.941497802734374,1.1757650672131263,1.25
3.1706560207164456,-7.079343979283554,1.1675795661885922,1.2471121771072848
3.1000000000000005,-7.200079345703124,1.1798373876248844,1.2247548783981963
3.0645885932543537,-7.335411406745646,1.1849089035228468,1.227693233918064
2.958522690490063,-7.441477309509937,1.1603718436910204,1.25384048104053
2.8524567877257727,-7.5475432122742285,1.1520815280171308,1.2306248474865698
2.7463908849614818,-7.653609115038517,1.1520815280171308,1.2227922061357857
2.64032498219719,-7.759675017802808,1.1520815280171308,1.1849089035228468
2.51961438035433,-7.83038561964567,1.1167261889578035,1.2000000000000002
2.41354847759004,-7.936451522409961,1.1167261889578035,1.1879418403139947
2.307482574825749,-8.04251742517425,1.1172617529928752,1.1706555615733703
2.186771877832286,-8.113228122167714,1.101086443322134,1.1849089035228468
2.0807052121247,-8.2192947878753,1.1353269591129698,1.1603718436910204
1.9599943894175782,-8.29000561058242,1.1300423721205948,1.1849089035228468
1.8392835563228322,-8.360716443677168,1.1353269591129698,1.1919742348374223
1.7185714285714289,-8.43142857142857,1.1353269591129698,1.202996408614167
1.5969726562500002,-8.5,1.1593386622447823,1.1849089035228468
1.4771487451716627,-8.572851254828338,1.1583045973594572,1.2000000000000002
1.3564372032801035,-8.643562796719896,1.1426860441876563,1.202996408614167
1.2357264625277837,-8.714273537472216,1.1426860441876563,1.1798373876248844
1.1150151057401816,-8.784984894259818,1.1300423721205948,1.1798373876248844
0.9943041798839047,-8.855695820116097,1.1172617529928752,1.1583045973594572
0.873593578041044,-8.926406421958955,1.090175425099138,1.1583045973594572
0.7540771484375002,-9.0,1.1161903789690601,1.112970334961301
0.6321709106603368,-9.06782908933966,1.0736102527122116,1.1353269591129698
0.5114587829089343,-9.138541217091065,1.0680339887498949,1.1353269591129698
0.3907479337951276,-9.20925206620487,1.0736102527122116,1.1300423721205948
0.27003733195226776,-9.279962668047732,1.060180165558726,1.1353269591129698
0.14932671558049293,-9.350673284419507,1.060180165558726,1.112970334961301
0.028614587829090432,-9.421385412170912,1.0477249200050076,1.112970334961301
-0.09209753992231295,-9.492097539922312,1.0465856099730655,1.112970334961301
-0.21811523437499947,-9.549999999999999,1.0680339887498949,1.0912712210513327
-0.34740600585937464,-9.6,1.0736102527122116,1.0912712210513327
-0.4688778593008198,-9.66887785930082,1.0680339887498949,1.112970334961301
-0.5895899870522223,-9.73958998705222,1.0680339887498949,1.112970334961301
-0.714569091796875,-9.799999999999999,1.0923659658795863,1.0912712210513327
-0.8456581786793258,-9.845658178679326,1.0567971810589327,1.1353269591129698
-0.9731506347656245,-9.899999999999999,1.1043396380615196,1.112970334961301
-1.1024414062499996,-9.95,1.1043396380615196,1.1353269591129698
-1.2317326619363693,-10.0,1.126860229593982,1.1353269591129698
-1.3610229492187496,-10.049999999999999,1.1384864324004713,1.1520815280171308
-1.5077943937334108,-10.05779439373341,1.10974135047432,1.2039936203984454
-1.6403121948242183,-10.1,1.1510412149464313,1.202996408614167
-1.7696014404296871,-10.149999999999999,1.2000000000000002,1.2247548783981963
-1.9138602964977016,-10.163860296497703,1.2000000000000002,1.291640786499874
-2.048890686035156,-10.2,1.25,1.2785330255586425
-2.184570898340562,-10.23457089834056,1.25,1.3365424623862048
-2.3281799316406246,-10.25,1.3,1.3589002803605372
-2.4574691772460935,-10.299999999999999,1.3580127840328724,1.3817821063276354
-2.6074691772460934,-10.299999999999999,1.3817821063276354,1.4366068747318508
-2.740636801104853,-10.259363198895146,1.3580127840328724,1.4205441169852744
-2.8613474029477133,-10.188652597052284,1.3156500283747663,1.3101470508735444
-2.9674133057120042,-10.082586694287997,1.2709844813622908,1.25
-3.0381239075548647,-9.961876092445134,1.2119429464123963,1.2158988901172165
-3.1088345093977257,-9.841165490602272,1.1541594578792296,1.1500000000000001
-3.1795451112405857,-9.720454888759413,1.1167261889578035,1.1043396380615196
-3.250255713083446,-9.599744286916552,1.0813708498984762,1.0293516572461452
-3.3209663149263067,-9.479033685073693,1.0460155108391487,1.0
-3.356321615847737,-9.34367838415226,0.9759142264341597,0.954987562112089
-3.4270322176905976,-9.222967782309402,0.9500000000000001,0.92082439194738
-3.4977428195334586,-9.10225718046654,0.9361541461658011,0.8986832980505138
-3.5,-8.953192138671874,0.8692388155425118,0.90524865872714
-3.55,-8.823902893066405,0.8692388155425118,0.8840770846134703
-3.5999999999999996,-8.694613647460937,0.8719544457292887,0.8513878188659973
-3.5999999999999996,-8.544613647460936,0.8513878188659973,0.8719544457292887
-3.6391640232191795,-8.410835976780819,0.8719544457292887,0.8500000000000001
-3.6499999999999995,-8.265324401855468,0.8513878188659973,0.8513878188659973
-3.6499999999999995,-8.115324401855467,0.8500000000000001,0.8719544457292887
-3.6999999999999997,-7.986035156249999,0.9,0.8500000000000001
-3.6547700740165294,-7.854770074016527,0.9,0.8360022573334676
-3.6499999999999995,-7.70674591064453,0.8500000000000001,0.8555385138137418
-3.6499999999999995,-7.556745910644531,0.862414379544733,0.8500000000000001
-3.6499999999999995,-7.40674591064453,0.8986832980505138,0.8500000000000001
-3.6499999999999995,-7.25674591064453,0.9,0.8500000000000001
-3.619414773095099,-7.119414773095098,0.9117692030835672,0.8500000000000001
-3.5999999999999996,-6.977456665039061,0.8986832980505138,0.862414379544733
-3.5999999999999996,-6.827456665039062,0.9,0.8500000000000001
-3.5999999999999996,-6.677456665039061,0.90524865872714,0.8500000000000001
-3.55,-6.548167419433593,0.8840770846134703,0.9
-3.55,-6.398167419433593,0.9,0.9
-3.55,-6.248167419433592,0.90524865872714,0.9
-3.55,-6.098167419433593,0.932344135219425,0.9
-3.55,-5.9481674194335925,0.9500000000000001,0.9
-3.55,-5.798167419433593,0.9512492197250394,0.9
-3.55,-5.648167419433593,0.969803902718557,0.9
-3.5,-5.518878173828124,0.9462429422585639,0.9500000000000001
-3.5,-5.368878173828124,0.9500000000000001,0.9500000000000001
-3.5,-5.218878173828124,0.954987562112089,0.9500000000000001
-3.5,-5.068878173828124,0.9807764064044152,0.9500000000000001
-3.5,-4.918878173828124,0.9807764064044152,0.9611874208078343
-3.5,-4.768878173828124,0.954987562112089,0.9940306508910551
-3.55,-4.639588928222655,0.9807764064044152,0.9500000000000001
-3.55,-4.4895889282226555,0.954987562112089,0.9500000000000001
-3.55,-4.339588928222655,0.932344135219425,0.9500000000000001
-3.5999999999999996,-4.210299682617187,0.9611874208078343,0.9
-3.5999999999999996,-4.060299682617186,0.9500000000000001,0.9
-3.5999999999999996,-3.910299682617186,0.92082439194738,0.9013148795220224
-3.5999999999999996,-3.7602996826171857,0.9013148795220224,0.92082439194738
-3.6499999999999995,-3.6310104370117173,0.92082439194738,0.9
-3.6499999999999995,-3.481010437011717,0.9013148795220224,0.9
-3.6499999999999995,-3.3310104370117184,0.8719544457292887,0.9013148795220224
-3.6999999999999997,-3.2017211914062482,0.90524865872714,0.862414379544733
-3.6999999999999997,-3.0517211914062496,0.8840770846134703,0.8986832980505138
-3.75,-2.9224319458007795,0.90524865872714,0.8719544457292887
-3.75,-2.772431945800781,0.8986832980505138,0.9013148795220224
-3.769493537040633,-2.6305064629593655,0.9117692030835672,0.8719544457292887
-3.8,-2.4931427001953104,0.9,0.9013148795220224
-3.8,-2.343142700195312,0.8986832980505138,0.92082439194738
-3.8499999999999996,-2.2138534545898416,0.92082439194738,0.8986832980505138
-3.8499999999999996,-2.063853454589843,0.9013148795220224,0.9117692030835672
-3.8999999999999995,-1.9345642089843729,0.9462429422585639,0.8986832980505138
-3.8999999999999995,-1.7845642089843743,0.9117692030835672,0.9117692030835672
-3.910914740726354,-1.639085259273644,0.9500000000000001,0.8986832980505138
-3.9499999999999997,-1.5052749633789055,0.9500000000000001,0.932344135219425
-3.981625342569215,-1.368374657430783,0.9807764064044152,0.9348857801796104
-4.0,-1.2259857177734368,0.954987562112089,1.0
-4.05,-1.0966964721679666,1.0,0.9500000000000001
-4.05,-0.946696472167968,1.0,0.9500000000000001
-4.05,-0.7966964721679677,1.0,0.9500000000000001
-4.05,-0.6466964721679673,0.9624228365658294,0.9500000000000001
-4.052335944412075,-0.49766405558792215,0.969803902718557,0.9
-4.1,-0.36740716927765327,0.954987562112089,0.9
-4.1,-0.21740706524038345,0.9500000000000001,0.9
-4.1,-0.06740696120311362,0.9500000000000001,0.9
-4.1,0.08259314283415797,0.9500000000000001,0.9
-4.1,0.2325932468714278,0.9500000000000001,0.9
-4.1,0.3825933509086976,0.9500000000000001,0.9
-4.1,0.5325934549459674,0.954987562112089,0.9
-4.076952914265984,0.6730470857340158,0.9807764064044152,0.9
-4.05,0.8118827819824226,0.9500000000000001,0.9117692030835672
-4.0,0.9411720275878928,0.9,0.9156603957913984
-4.0,1.0911720275878913,0.90524865872714,0.8719544457292887
-3.9499999999999997,1.2204612731933615,0.8840770846134703,0.9013148795220224
-3.9499999999999997,1.37046127319336,0.92082439194738,0.9
-3.900176409658833,1.499823590341169,0.9462429422585639,0.8986832980505138
-3.8999999999999995,1.6497505187988288,0.9562305898749055,0.9117692030835672
-3.8499999999999996,1.779039764404299,0.9904326023342407,0.9462429422585639
-3.794110506894542,1.9058894931054589,1.0293516572461452,0.9611874208078343
-3.75,2.037618255615236,1.0094810050208547,0.9940306508910551
-3.6999999999999997,2.166907501220704,0.9940306508910551,1.0106601717798214
-3.6999999999999997,2.3169075012207045,1.0293516572461452,0.9807764064044152
-3.6499999999999995,2.446196746826173,1.0094810050208547,1.0106601717798214
-3.617334002287391,2.5826659977126116,1.0567971810589327,0.9940306508910551
-3.5999999999999996,2.7254859924316417,1.0567971810589327,1.0106601717798214
-3.55,2.85477523803711,1.0420164833920778,1.0293516572461452
-3.55,3.0047752380371104,1.090175425099138,1.0047511554864494
-3.55,3.154775238037111,0.9904326023342407,0.9807764064044152
-3.5887319004768994,3.2887319004769004,0.9424716620639604,0.9117692030835672
-3.6240872013983294,3.4240872013983292,0.8719544457292887,0.8500000000000001
-3.6499999999999995,3.563353729248048,0.782165848854662,0.8131338250816035
-3.6999999999999997,3.6926429748535163,0.7776472678623425,0.7405694150420948
-3.6999999999999997,3.8426429748535185,0.7262087348130013,0.6933034373659254
-3.669846895837379,3.980153104162625,0.7016648189186454,0.6571067811865476
-3.6499999999999995,4.121932220458987,0.6571067811865476,0.6658910531638177
-3.634491594915949,4.265508405084052,0.6933034373659254,0.6300735254367722
-3.5991362939945186,4.400863706005481,0.7132168761236874,0.6300735254367722
-3.528425692151658,4.52157430784834,0.7310249675906655,0.6571067811865476
-3.4577150903087976,4.642284909691202,0.7639410298049853,0.6780109889280519
-3.387004470938897,4.762995529061104,0.824642784226795,0.7262087348130013
-3.2809384251235745,4.869061574876426,0.8692388155425118,0.7881527307120106
-3.1748723793082516,4.975127620691751,0.932344135219425,0.862414379544733
-3.0688063334929288,5.0811936665070725,1.0106601717798214,0.932344135219425
-2.9473068237304685,5.150000000000002,1.05,1.0567971810589327
-2.8180175781249996,5.200000000000003,1.101086443322134,1.1384864324004713
-2.688728332519531,5.150000000000002,1.0680339887498949,1.101086443322134
-2.559439086914062,5.100000000000001,1.0420164833920778,1.051135777277262
-2.4506085324011133,5.000608532401117,1.0270329614269007,1.0106601717798214
-2.3298979305582526,4.929897930558255,1.001189802081432,0.9904326023342407
-2.2091870589758527,4.859187058975852,1.0047511554864494,0.9795630140987002
-2.083703231811523,4.800000000000001,1.013014581273465,1.0094810050208547
-1.9677658552901311,4.717765855290136,1.0465856099730655,1.0293516572461452
-1.845835494995117,4.650000000000002,1.101086443322134,1.1043396380615196
-1.7165462493896482,4.600000000000001,1.1541594578792296,1.1500000000000001
-1.59098935068298,4.540989350682981,1.240348790056394,1.2089678312014174
-1.4579677581787105,4.5,1.295362404707371,1.2738202294873728
-1.3202787087550827,4.529721291244918,1.3446325680981355,1.2624404748406688
-1.2142126629397598,4.63578733706024,1.2738202294873728,1.2039936203984454
-1.1435019744934292,4.756498025506573,1.214911064067352,1.1161903789690601
-1.0499999999999998,4.867768096923829,1.1384864324004713,1.090175425099138
-0.9667254698862777,4.983274530113722,1.10974135047432,1.0465856099730655
-0.8999999999999995,5.105635833740237,1.0420164833920778,1.0200467279516348
-0.8499999999999996,5.234925079345704,1.0106601717798214,1.0047511554864494
-0.7999999999999998,5.364214324951174,0.9940306508910551,0.9807764064044152
-0.7999999999999998,5.514214324951173,0.969803902718557,0.932344135219425
-0.7999999999999998,5.664214324951175,0.9462429422585639,0.90524865872714
-0.7999999999999998,5.814214324951173,0.9117692030835672,0.9
-0.7999999999999998,5.964214324951172,0.8692388155425118,0.9013148795220224
-0.8499999999999996,6.093503570556642,0.8840770846134703,0.8500000000000001
-0.8499999999999996,6.243503570556641,0.8360022573334676,0.8555385138137418
-0.8999999999999995,6.372792816162111,0.8360022573334676,0.8360022573334676
-0.9499999999999993,6.502082061767581,0.8513878188659973,0.8444271909999159
-0.9868275393280248,6.636827539328024,0.8692388155425118,0.8513878188659973
-1.0499999999999998,6.760660552978518,0.867877987534291,0.8360022573334676
-1.0928934420923153,6.892893442092316,0.8692388155425118,0.823212459828649
-1.1282487430137453,7.028248743013748,0.867877987534291,0.8513878188659973
-1.1989593448566058,7.14895934485661,0.8692388155425118,0.8719544457292887
-1.2499999999999996,7.277817535400391,0.8692388155425118,0.862414379544733
-1.2696699466994668,7.4196699466994716,0.8719544457292887,0.8513878188659973
-1.2999999999999998,7.55710678100586,0.8513878188659973,0.8719544457292887
-1.3403805485423272,7.690380548542329,0.9,0.8513878188659973
-1.3499999999999996,7.836396026611329,0.90524865872714,0.8719544457292887
-1.2999999999999998,7.965685367584232,0.8840770846134703,0.9117692030835672
-1.2999999999999998,8.11568536758423,0.92082439194738,0.9
-1.2889087672212067,8.261091232778796,0.9624228365658294,0.9
-1.2499999999999996,8.394974708557132,0.9562305898749055,0.9500000000000001
-1.1999999999999997,8.524264049530032,0.9904326023342407,1.0
-1.1499999999999995,8.653553390502932,1.0465856099730655,1.05
-1.1121320241956694,8.787867975804335,1.1172617529928752,1.05
-1.0499999999999998,8.912132024765018,1.1706555615733703,1.1500000000000001
-1.0,9.04142135381699,1.227693233918064,1.2000000000000002
-0.8999999999999995,9.150000000000002,1.2700378782444086,1.3
