# time_s,x_m,y_m,psi_rad,kappa_rad,vx_mps,vy_mps,psi_rate_radps
0.000000,-0.852928,5.125907,-0.046640,-0.816011,3.355342,-0.090013,-3.985066
0.010000,-0.804113,5.122728,-0.086490,-0.818667,3.369010,0.005203,-3.959654
0.020000,-0.755507,5.117565,-0.125833,-0.813288,3.380675,0.000620,-3.905664
0.030000,-0.707161,5.110476,-0.164604,-0.801458,3.391113,-0.001816,-3.845346
0.040000,-0.659129,5.101519,-0.202740,-0.784760,3.401099,-0.002540,-3.778699
0.050000,-0.611465,5.090752,-0.240178,-0.764778,3.411411,-0.002034,-3.705722
0.060000,-0.564220,5.078233,-0.276854,-0.743096,3.422823,-0.000821,-3.626417
0.070000,-0.517449,5.064020,-0.312706,-0.721295,3.436112,0.000537,-3.540783
0.080000,-0.471204,5.048171,-0.347670,-0.700962,3.452054,0.001490,-3.449326
0.090000,-0.425535,5.030744,-0.381692,-0.683359,3.471256,0.001799,-3.355681
0.100000,-0.380480,5.011795,-0.414783,-0.667784,3.493277,0.001684,-3.264170
0.110000,-0.336066,4.991384,-0.446976,-0.652784,3.517279,0.001262,-3.175988
0.120000,-0.292326,4.969568,-0.478303,-0.636903,3.542421,0.000550,-3.091238
0.130000,-0.249286,4.946405,-0.508801,-0.618963,3.567975,-0.000235,-3.010789
0.140000,-0.206967,4.921951,-0.538519,-0.599929,3.594059,-0.000687,-2.935775
0.150000,-0.165382,4.896263,-0.567516,-0.581764,3.621193,-0.000539,-2.866558
0.160000,-0.124545,4.869397,-0.595850,-0.566439,3.649896,0.000315,-2.803051
0.170000,-0.084470,4.841408,-0.623577,-0.555660,3.680595,0.001408,-2.744298
0.180000,-0.045174,4.812339,-0.650736,-0.548517,3.712794,0.001962,-2.688936
0.190000,-0.006673,4.782225,-0.677356,-0.542614,3.745473,0.001714,-2.636465
0.200000,0.031017,4.751102,-0.703465,-0.535538,3.777605,0.000747,-2.586769
0.210000,0.067880,4.719006,-0.729091,-0.525071,3.808252,-0.000377,-2.538302
0.220000,0.103910,4.685978,-0.754231,-0.511483,3.837586,-0.000916,-2.488646
0.230000,0.139107,4.652061,-0.778864,-0.496758,3.866547,-0.000697,-2.436795
0.240000,0.173473,4.617299,-0.802967,-0.482913,3.896088,0.000085,-2.382833
0.250000,0.207007,4.581735,-0.826521,-0.471861,3.927111,0.000938,-2.328609
0.260000,0.239709,4.545406,-0.849539,-0.463706,3.959627,0.001329,-2.277321
0.270000,0.271576,4.508342,-0.872067,-0.457052,3.992911,0.001170,-2.230465
0.280000,0.302606,4.470575,-0.894149,-0.450457,4.026212,0.000623,-2.188019
0.290000,0.332797,4.432134,-0.915828,-0.442527,4.058806,0.000027,-2.148365
0.300000,0.362151,4.393051,-0.937116,-0.432970,4.090564,-0.000253,-2.108398
0.310000,0.390674,4.353356,-0.957995,-0.422602,4.121954,-0.000161,-2.066495
0.320000,0.418374,4.313081,-0.978446,-0.412286,4.153469,0.000164,-2.022615
0.330000,0.445256,4.272256,-0.998448,-0.402870,4.185593,0.000505,-1.977718
0.340000,0.471327,4.230910,-1.018000,-0.394616,4.218478,0.000658,-1.933859
0.350000,0.496595,4.189068,-1.037125,-0.387086,4.251871,0.000609,-1.892234
0.360000,0.521066,4.146754,-1.055845,-0.379796,4.285497,0.000432,-1.852897
0.370000,0.544747,4.103993,-1.074183,-0.372271,4.319083,0.000239,-1.815274
0.380000,0.567646,4.060810,-1.092150,-0.364304,4.352525,0.000149,-1.777976
0.390000,0.589773,4.017225,-1.109742,-0.356089,4.385960,0.000172,-1.740112
0.400000,0.611140,3.973262,-1.126953,-0.347849,4.419544,0.000255,-1.701621
0.410000,0.631756,3.928942,-1.143775,-0.339807,4.453436,0.000332,-1.662800
0.420000,0.651633,3.884286,-1.160209,-0.332080,4.487720,0.000352,-1.624463
0.430000,0.670782,3.839313,-1.176264,-0.324600,4.522356,0.000329,-1.587186
0.440000,0.689215,3.794041,-1.191952,-0.317278,4.557291,0.000299,-1.551018
0.450000,0.706943,3.748489,-1.207284,-0.310025,4.592471,0.000291,-1.515744
0.460000,0.723979,3.702673,-1.222267,-0.302790,4.627868,0.000316,-1.480677
0.470000,0.740335,3.656611,-1.236898,-0.295595,4.663504,0.000342,-1.445292
0.480000,0.756024,3.610317,-1.251173,-0.288474,4.699405,0.000338,-1.409526
0.490000,0.771058,3.563806,-1.265089,-0.281460,4.735600,0.000261,-1.373811
0.500000,0.785451,3.517093,-1.278649,-0.274575,4.772109,0.000101,-1.339709
0.510000,0.799215,3.470190,-1.291883,-0.267811,4.808931,-0.000040,-1.308538
0.520000,0.812364,3.423112,-1.304820,-0.261156,4.846059,-0.000020,-1.280482
0.530000,0.824911,3.375869,-1.317492,-0.254597,4.883490,0.000296,-1.254292
0.540000,0.836868,3.328474,-1.329906,-0.248126,4.921220,0.000902,-1.224656
0.550000,0.848250,3.280937,-1.341985,-0.241741,4.959252,0.001403,-1.186686
0.560000,0.859069,3.233269,-1.353640,-0.235446,4.997592,0.001340,-1.139555
0.570000,0.869339,3.185479,-1.364777,-0.229243,5.036243,0.000252,-1.087014
0.580000,0.879073,3.137578,-1.375380,-0.223132,5.075211,-0.001973,-1.047926
0.590000,0.888283,3.089573,-1.385735,-0.217106,5.114501,-0.003969,-1.041210
0.600000,0.896983,3.041473,-1.396204,-0.211157,5.154117,-0.003978,-1.070671
0.610000,0.905186,2.993286,-1.407149,-0.205275,5.194064,-0.000240,-1.125103
0.620000,0.912905,2.945018,-1.418706,-0.199455,5.234345,0.007892,-1.137280
0.630000,0.920153,2.896678,-1.429894,-0.193704,5.274962,0.015588,-1.033710
0.640000,0.926943,2.848272,-1.439380,-0.188033,5.315914,0.016329,-0.796921
0.650000,0.933287,2.799804,-1.445833,-0.182453,5.357200,0.003595,-0.459743
0.660000,0.939199,2.751283,-1.448575,-0.176970,5.398824,-0.025940,-0.259458
0.670000,0.944691,2.702712,-1.451022,-0.171553,5.440811,-0.055617,-0.479048
0.680000,0.949775,2.654096,-1.458156,-0.166156,5.483198,-0.061085,-1.197222
0.690000,0.954464,2.605441,-1.474966,-0.160736,5.526021,-0.017966,-2.319847
0.700000,0.958771,2.556750,-1.504553,-0.155255,5.569303,0.088902,-3.015729
0.710000,0.962709,2.508028,-1.535281,-0.149739,5.612984,0.202605,-2.201355
0.720000,0.966289,2.459279,-1.548580,-0.144242,5.656963,0.232454,0.471902
0.730000,0.969526,2.410505,-1.525843,-0.138822,5.701137,0.087568,4.742158
0.740000,0.972431,2.361711,-1.453737,-0.133525,5.745405,-0.297243,7.724380
0.750000,0.975018,2.312899,-1.371355,-0.128336,5.789648,-0.728684,5.296887
0.760000,0.977299,2.264071,-1.347799,-0.123198,5.833744,-0.871922,-4.058570
0.770000,0.979285,2.215231,-1.452526,-0.118056,5.877568,-0.393099,-19.643344
0.780000,0.980990,2.166380,-1.740666,-0.112858,5.921002,0.980640,-31.536174
0.790000,0.982425,2.117520,-2.083250,-0.107593,5.964022,2.509728,-24.148387
0.800000,0.983603,2.068653,-2.223634,-0.102278,6.006671,3.052433,9.032078
0.810000,0.984537,2.019782,-1.902608,-0.096931,6.048989,1.669475,67.113834
0.820000,0.985240,1.970906,-0.881357,-0.091567,6.091017,-3.063307,131.697419
0.830000,0.985724,1.922028,0.731340,-0.086184,6.132773,-3.663424,170.848233
0.840000,0.986002,1.873148,2.535607,-0.080764,6.174254,4.007318,-144.596956
0.850000,0.986087,1.824267,-2.160599,-0.075285,6.215455,2.718354,-186.088144
0.860000,0.985993,1.775386,-1.186156,-0.069724,6.256373,-1.850538,62.984366
0.870000,0.985733,1.726507,-0.900912,-0.063945,6.297010,-3.061182,6.314650
0.880000,0.985322,1.677628,-1.059863,-0.057702,6.337374,-2.431830,-25.143028
0.890000,0.984776,1.628750,-1.403772,-0.050745,6.377472,-0.872341,-30.887005
0.900000,0.984110,1.579874,-1.677603,-0.042833,6.417312,0.449675,-18.208892
0.910000,0.983341,1.531000,-1.767950,-0.034136,6.456900,0.877883,-2.812245
0.920000,0.982490,1.482126,-1.733847,-0.025320,6.496240,0.706261,6.159607
0.930000,0.981576,1.433254,-1.644758,-0.017079,6.535335,0.267928,8.217385
0.940000,0.980620,1.384383,-1.569500,-0.010103,6.574189,-0.103192,5.080981
0.950000,0.979639,1.335512,-1.543138,-0.004746,6.612807,-0.234083,0.919676
0.960000,0.978641,1.286641,-1.551106,-0.000870,6.651192,-0.196355,-1.586327
0.970000,0.977636,1.237771,-1.574865,0.001703,6.689348,-0.080546,-2.242868
0.980000,0.976632,1.188900,-1.595964,0.003153,6.727280,0.023053,-1.449721
0.990000,0.975637,1.140030,-1.603859,0.003700,6.764992,0.062429,-0.306945
1.000000,0.974649,1.091159,-1.602103,0.003638,6.802487,0.054626,0.408023
1.010000,0.973669,1.042288,-1.595699,0.003272,6.839769,0.024085,0.622892
1.020000,0.972696,0.993417,-1.589645,0.002904,6.876841,-0.004775,0.429895
1.030000,0.971731,0.944546,-1.587101,0.002727,6.913706,-0.016495,0.119884
1.040000,0.970772,0.895675,-1.587247,0.002697,6.950368,-0.015086,-0.081936
1.050000,0.969821,0.846803,-1.588740,0.002738,6.986830,-0.007110,-0.149505
1.060000,0.968876,0.797932,-1.590237,0.002775,7.023095,0.000872,-0.103637
1.070000,0.967938,0.749060,-1.590812,0.002758,7.059167,0.004334,-0.020349
1.080000,0.967006,0.700188,-1.590644,0.002701,7.095047,0.004150,0.036039
1.090000,0.966081,0.651317,-1.590092,0.002627,7.130739,0.002079,0.056449
1.100000,0.965161,0.602444,-1.589515,0.002562,7.166247,-0.000121,0.045493
1.110000,0.964248,0.553572,-1.589182,0.002523,7.201571,-0.001139,0.022896
1.120000,0.963341,0.504700,-1.589057,0.002502,7.236716,-0.001144,0.006862
1.130000,0.962440,0.455828,-1.589045,0.002486,7.271684,-0.000607,0.000482
1.140000,0.961545,0.406955,-1.589048,0.002464,7.306478,-0.000002,0.002750
1.150000,0.960656,0.358083,-1.588990,0.002425,7.341099,0.000298,0.008568
1.160000,0.959773,0.309210,-1.588876,0.002374,7.375551,0.000314,0.012808
1.170000,0.958895,0.260337,-1.588733,0.002316,7.409835,0.000174,0.014432
1.180000,0.958023,0.211464,-1.588588,0.002259,7.443953,0.000007,0.013659
1.190000,0.957156,0.162591,-1.588460,0.002208,7.477908,-0.000080,0.011815
1.200000,0.956294,0.113718,-1.588351,0.002164,7.511703,-0.000088,0.010351
1.210000,0.955438,0.064845,-1.588253,0.002127,7.545340,-0.000052,0.009616
1.220000,0.954587,0.015972,-1.588159,0.002097,7.578823,-0.000007,0.009563
1.230000,0.953741,-0.032902,-1.588062,0.002072,7.612153,0.000018,0.009859
1.240000,0.952899,-0.081775,-1.587962,0.002052,7.645331,0.000021,0.010103
1.250000,0.952063,-0.130649,-1.587860,0.002038,7.678356,0.000013,0.010186
1.260000,0.951231,-0.179522,-1.587758,0.002027,7.711227,0.000002,0.010114
1.270000,0.950405,-0.228396,-1.587658,0.002019,7.743944,-0.000006,0.009957
1.280000,0.949583,-0.277270,-1.587559,0.002013,7.776515,-0.000008,0.009809
1.290000,0.948766,-0.326144,-1.587461,0.002004,7.808954,-0.000006,0.009698
1.300000,0.947954,-0.375018,-1.587365,0.001991,7.841272,-0.000001,0.009624
1.310000,0.947146,-0.423892,-1.587269,0.001969,7.873481,0.000003,0.009563
1.320000,0.946344,-0.472766,-1.587174,0.001942,7.905558,0.000004,0.009486
1.330000,0.945545,-0.521640,-1.587079,0.001911,7.937465,0.000002,0.009381
1.340000,0.944752,-0.570514,-1.586986,0.001880,7.969161,-0.000001,0.009248
1.350000,0.943963,-0.619389,-1.586894,0.001854,8.000615,-0.000002,0.009114
1.360000,0.943178,-0.668263,-1.586804,0.001834,8.031905,-0.000001,0.009019
1.370000,0.942398,-0.717138,-1.586714,0.001824,8.063186,0.000000,0.008980
1.380000,0.941622,-0.766012,-1.586624,0.001826,8.094611,-0.000000,0.008996
1.390000,0.940851,-0.814887,-1.586534,0.001842,8.126316,-0.000002,0.009068
1.400000,0.940084,-0.863762,-1.586443,0.001872,8.158054,-0.000002,0.009193
1.410000,0.939321,-0.912636,-1.586350,0.001914,8.189264,-0.000000,0.009372
1.420000,0.938563,-0.961511,-1.586255,0.001964,8.219373,0.000002,0.009604
1.430000,0.937810,-1.010386,-1.586158,0.002021,8.247863,0.000002,0.009878
1.440000,0.937061,-1.059261,-1.586058,0.002081,8.275506,0.000002,0.010170
1.450000,0.936318,-1.108136,-1.585955,0.002143,8.304388,0.000002,0.010469
1.460000,0.935580,-1.157011,-1.585848,0.002207,8.336653,0.000002,0.010775
1.470000,0.934846,-1.205887,-1.585739,0.002269,8.374318,0.000003,0.011082
1.480000,0.934119,-1.254762,-1.585627,0.002331,8.415047,0.000003,0.011384
1.490000,0.933397,-1.303637,-1.585511,0.002391,8.451170,0.000002,0.011674
1.500000,0.932680,-1.352513,-1.585393,0.002448,8.474691,0.000002,0.011953
1.510000,0.931970,-1.401388,-1.585272,0.002503,8.477714,0.000004,0.012239
1.520000,0.931265,-1.450264,-1.585149,0.002559,8.457666,0.000007,0.012574
1.530000,0.930567,-1.499140,-1.585021,0.002626,8.419851,0.000009,0.012988
1.540000,0.929875,-1.548015,-1.584889,0.002715,8.370209,0.000006,0.013480
1.550000,0.929189,-1.596891,-1.584751,0.002836,8.314660,-0.000004,0.014013
1.560000,0.928511,-1.645767,-1.584609,0.002982,8.257188,-0.000016,0.014477
1.570000,0.927839,-1.694643,-1.584462,0.003117,8.198305,-0.000020,0.014794
1.580000,0.927174,-1.743520,-1.584313,0.003201,8.138161,-0.000007,0.014954
1.590000,0.926517,-1.792396,-1.584163,0.003194,8.076907,-0.000021,0.014269
1.600000,0.925867,-1.841272,-1.584027,0.002926,8.014933,-0.000143,0.010563
1.610000,0.925221,-1.890149,-1.583951,0.001950,7.953147,-0.000277,0.002142
1.620000,0.924576,-1.939025,-1.583984,-0.000220,7.892525,-0.000197,-0.011189
1.630000,0.923928,-1.987902,-1.584175,-0.004069,7.834045,0.000179,-0.029231
1.640000,0.923271,-2.036778,-1.584569,-0.009755,7.778298,0.000483,-0.051249
1.650000,0.922591,-2.085654,-1.585200,-0.016555,7.724849,0.000386,-0.076620
1.660000,0.921871,-2.134529,-1.586101,-0.023603,7.673093,-0.000022,-0.105254
1.670000,0.921094,-2.183404,-1.587305,-0.030033,7.622422,-0.000517,-0.136350
1.680000,0.920247,-2.232277,-1.588828,-0.035231,7.572368,-0.000739,-0.166457
1.690000,0.919317,-2.281149,-1.590634,-0.039420,7.522906,-0.000608,-0.192379
1.700000,0.918295,-2.330019,-1.592676,-0.042993,7.474109,-0.000311,-0.213571
1.710000,0.917172,-2.378886,-1.594906,-0.046346,7.426044,-0.000065,-0.230491
1.720000,0.915937,-2.427751,-1.597286,-0.049796,7.378761,0.000011,-0.245477
1.730000,0.914583,-2.476613,-1.599815,-0.053351,7.332221,-0.000017,-0.260883
1.740000,0.913100,-2.525471,-1.602503,-0.056937,7.286365,-0.000089,-0.277190
1.750000,0.911482,-2.574325,-1.605359,-0.060482,7.241132,-0.000161,-0.294290
1.760000,0.909719,-2.623174,-1.608389,-0.063924,7.196463,-0.000186,-0.311535
1.770000,0.907804,-2.672018,-1.611590,-0.067248,7.152308,-0.000167,-0.328211
1.780000,0.905729,-2.720855,-1.614954,-0.070459,7.108620,-0.000139,-0.344144
1.790000,0.903485,-2.769685,-1.618473,-0.073558,7.065353,-0.000132,-0.359358
1.800000,0.901067,-2.818506,-1.622141,-0.076551,7.022461,-0.000140,-0.374011
1.810000,0.898465,-2.867318,-1.625953,-0.079454,6.979919,-0.000135,-0.388295
1.820000,0.895675,-2.916120,-1.629907,-0.082290,6.937708,-0.000121,-0.402264
1.830000,0.892687,-2.964910,-1.633998,-0.085079,6.895808,-0.000112,-0.415923
1.840000,0.889498,-3.013687,-1.638225,-0.087841,6.854200,-0.000108,-0.429328
1.850000,0.886098,-3.062451,-1.642585,-0.090574,6.812854,-0.000104,-0.442548
1.860000,0.882483,-3.111199,-1.647076,-0.093268,6.771738,-0.000103,-0.455606
1.870000,0.878646,-3.159930,-1.651697,-0.095912,6.730818,-0.000111,-0.468497
1.880000,0.874581,-3.208642,-1.656446,-0.098497,6.690059,-0.000117,-0.481148
1.890000,0.870281,-3.257335,-1.661320,-0.101014,6.649423,-0.000111,-0.493455
1.900000,0.865740,-3.306006,-1.666315,-0.103456,6.608868,-0.000099,-0.505380
1.910000,0.860954,-3.354653,-1.671428,-0.105819,6.568351,-0.000102,-0.516928
1.920000,0.855917,-3.403275,-1.676654,-0.108096,6.527833,-0.000115,-0.528177
1.930000,0.850622,-3.451870,-1.681991,-0.110309,6.487298,-0.000120,-0.539249
1.940000,0.845066,-3.500436,-1.687439,-0.112494,6.446751,-0.000108,-0.550198
1.950000,0.839243,-3.548970,-1.692995,-0.114686,6.406197,-0.000088,-0.561030
1.960000,0.833147,-3.597470,-1.698659,-0.116923,6.365639,-0.000074,-0.571886
1.970000,0.826775,-3.645935,-1.704433,-0.119223,6.325084,-0.000079,-0.583011
1.980000,0.820120,-3.694362,-1.710319,-0.121589,6.284537,-0.000092,-0.594519
1.990000,0.813177,-3.742748,-1.716323,-0.124026,6.244006,-0.000097,-0.606412
2.000000,0.805941,-3.791091,-1.722448,-0.126537,6.203497,-0.000090,-0.618655
2.010000,0.798406,-3.839388,-1.728696,-0.129116,6.163006,-0.000089,-0.631179
2.020000,0.790567,-3.887637,-1.735071,-0.131749,6.122521,-0.000098,-0.643946
2.030000,0.782417,-3.935834,-1.741575,-0.134421,6.082028,-0.000108,-0.656956
2.040000,0.773950,-3.983976,-1.748210,-0.137117,6.041516,-0.000118,-0.670267
2.050000,0.765161,-4.032060,-1.754980,-0.139853,6.000996,-0.000132,-0.684001
2.060000,0.756043,-4.080083,-1.761890,-0.142677,5.960515,-0.000141,-0.698231
2.070000,0.746590,-4.128040,-1.768945,-0.145640,5.920117,-0.000122,-0.712961
2.080000,0.736796,-4.175929,-1.776150,-0.148794,5.879851,-0.000085,-0.728265
2.090000,0.726654,-4.223745,-1.783510,-0.152155,5.839745,-0.000077,-0.744318
2.100000,0.716156,-4.271484,-1.791036,-0.155696,5.799807,-0.000107,-0.761237
2.110000,0.705295,-4.319142,-1.798735,-0.159381,5.760041,-0.000140,-0.779028
2.120000,0.694063,-4.366713,-1.806617,-0.163176,5.720452,-0.000148,-0.797572
2.130000,0.682452,-4.414194,-1.814687,-0.167052,5.681036,-0.000143,-0.816542
2.140000,0.670454,-4.461578,-1.822947,-0.170986,5.641772,-0.000147,-0.835706
2.150000,0.658060,-4.508860,-1.831401,-0.174957,5.602639,-0.000155,-0.855040
2.160000,0.645262,-4.556034,-1.840048,-0.178941,5.563616,-0.000167,-0.874584
2.170000,0.632052,-4.603094,-1.848892,-0.182938,5.524697,-0.000183,-0.894462
2.180000,0.618422,-4.650035,-1.857937,-0.186995,5.485914,-0.000194,-0.914770
2.190000,0.604363,-4.696848,-1.867188,-0.191165,5.447301,-0.000184,-0.935521
2.200000,0.589866,-4.743528,-1.876648,-0.195501,5.408894,-0.000150,-0.956753
2.210000,0.574925,-4.790067,-1.886323,-0.200034,5.370720,-0.000132,-0.978611
2.220000,0.559528,-4.836458,-1.896220,-0.204738,5.332778,-0.000150,-1.001221
2.230000,0.543668,-4.882692,-1.906347,-0.209580,5.295066,-0.000180,-1.024599
2.240000,0.527335,-4.928761,-1.916712,-0.214523,5.257579,-0.000196,-1.048717
2.250000,0.510519,-4.974657,-1.927322,-0.219544,5.220318,-0.000204,-1.073455
2.260000,0.493212,-5.020370,-1.938181,-0.224656,5.183297,-0.000216,-1.098702
2.270000,0.475403,-5.065889,-1.949296,-0.229878,5.146533,-0.000220,-1.124438
2.280000,0.457084,-5.111206,-1.960670,-0.235229,5.110042,-0.000207,-1.150672
2.290000,0.438244,-5.156309,-1.972309,-0.240726,5.073840,-0.000196,-1.177458
2.300000,0.418875,-5.201188,-1.984219,-0.246358,5.037930,-0.000206,-1.204848
2.310000,0.398967,-5.245829,-1.996406,-0.252114,5.002314,-0.000224,-1.232853
2.320000,0.378509,-5.290222,-2.008876,-0.257978,4.966995,-0.000231,-1.261454
2.330000,0.357494,-5.334354,-2.021635,-0.263937,4.931972,-0.000228,-1.290542
2.340000,0.335910,-5.378210,-2.034687,-0.269979,4.897238,-0.000229,-1.319992
2.350000,0.313750,-5.421778,-2.048035,-0.276091,4.862781,-0.000237,-1.349776
2.360000,0.291003,-5.465043,-2.061682,-0.282262,4.828589,-0.000246,-1.379900
2.370000,0.267661,-5.507991,-2.075633,-0.288484,4.794655,-0.000256,-1.410420
2.380000,0.243716,-5.550605,-2.089891,-0.294774,4.760987,-0.000266,-1.441399
2.390000,0.219159,-5.592869,-2.104461,-0.301160,4.727605,-0.000271,-1.472856
2.400000,0.193983,-5.634766,-2.119348,-0.307669,4.694524,-0.000264,-1.504788
2.410000,0.168179,-5.676281,-2.134557,-0.314324,4.661759,-0.000248,-1.537172
2.420000,0.141740,-5.717394,-2.150091,-0.321107,4.629297,-0.000241,-1.569974
2.430000,0.114659,-5.758087,-2.165956,-0.327979,4.597108,-0.000248,-1.603185
2.440000,0.086929,-5.798339,-2.182155,-0.334903,4.565166,-0.000266,-1.636777
2.450000,0.058544,-5.838133,-2.198692,-0.341840,4.533441,-0.000264,-1.670443
2.460000,0.029499,-5.877447,-2.215564,-0.348748,4.501893,-0.000232,-1.703742
2.470000,-0.000212,-5.916261,-2.232767,-0.355584,4.470472,-0.000207,-1.736508
2.480000,-0.030592,-5.954552,-2.250294,-0.362302,4.439130,-0.000236,-1.768805
2.490000,-0.061645,-5.992300,-2.268143,-0.368874,4.407827,-0.000351,-1.801570
2.500000,-0.093375,-6.029482,-2.286325,-0.375468,4.376633,-0.000494,-1.836289
2.510000,-0.125782,-6.066074,-2.304868,-0.382391,4.345700,-0.000563,-1.873592
2.520000,-0.158869,-6.102053,-2.323797,-0.389954,4.315179,-0.000465,-1.913412
2.530000,-0.192637,-6.137394,-2.343137,-0.398437,4.285214,-0.000169,-1.954270
2.540000,-0.227087,-6.172071,-2.362883,-0.407574,4.255764,0.000166,-1.993574
2.550000,-0.262219,-6.206056,-2.383008,-0.416633,4.226630,0.000311,-2.030092
2.560000,-0.298033,-6.239320,-2.403485,-0.424867,4.197610,0.000096,-2.063816
2.570000,-0.334530,-6.271835,-2.424284,-0.431563,4.168503,-0.000397,-2.095495
2.580000,-0.371704,-6.303573,-2.445394,-0.436774,4.139130,-0.000784,-2.126597
2.590000,-0.409545,-6.334513,-2.466816,-0.441350,4.109330,-0.000844,-2.157898
2.600000,-0.448045,-6.364629,-2.488552,-0.446175,4.078948,-0.000607,-2.189418
2.610000,-0.487192,-6.393899,-2.510605,-0.452111,4.047831,-0.000164,-2.220684
2.620000,-0.526977,-6.422296,-2.532966,-0.459269,4.016027,0.000272,-2.250662
2.630000,-0.567389,-6.449792,-2.555618,-0.466827,3.983830,0.000475,-2.278744
2.640000,-0.608415,-6.476361,-2.578541,-0.473904,3.951553,0.000291,-2.304906
2.650000,-0.650045,-6.501972,-2.601716,-0.479633,3.919497,-0.000242,-2.329858
2.660000,-0.692263,-6.526602,-2.625138,-0.483886,3.887612,-0.000754,-2.355338
2.670000,-0.735051,-6.550227,-2.648823,-0.487652,3.855310,-0.000938,-2.382476
2.680000,-0.778390,-6.572826,-2.672788,-0.492005,3.821962,-0.000756,-2.411384
2.690000,-0.822260,-6.594378,-2.697051,-0.498021,3.786944,-0.000475,-2.444535
2.700000,-0.866642,-6.614854,-2.721678,-0.506524,3.750286,-0.000654,-2.488827
2.710000,-0.911520,-6.634216,-2.746827,-0.517882,3.713213,-0.001195,-2.549183
2.720000,-0.956879,-6.652424,-2.772662,-0.532414,3.677070,-0.001420,-2.626063
2.730000,-1.002701,-6.669439,-2.799348,-0.550436,3.643203,-0.000857,-2.716844
2.740000,-1.048969,-6.685214,-2.826999,-0.571672,3.612339,0.000099,-2.813141
2.750000,-1.095658,-6.699689,-2.855611,-0.594528,3.583830,0.000625,-2.908396
2.760000,-1.142746,-6.712802,-2.885167,-0.617234,3.556848,0.000426,-3.001837
2.770000,-1.190207,-6.724489,-2.915648,-0.638021,3.530564,-0.000458,-3.093728
2.780000,-1.238013,-6.734691,-2.947041,-0.655909,3.504542,-0.001341,-3.185060
2.790000,-1.286120,-6.743360,-2.979349,-0.672061,3.479422,-0.001658,-3.276677
2.800000,-1.334485,-6.750448,-3.012575,-0.688000,3.456025,-0.001465,-3.368702
2.810000,-1.383061,-6.755908,-3.046723,-0.705246,3.435170,-0.000935,-3.461365
2.820000,-1.431799,-6.759690,-3.081802,-0.724813,3.417373,-0.000365,-3.555674
2.830000,-1.480640,-6.761742,-3.117837,-0.745996,3.402126,-0.000042,310.506699
2.840000,-1.529518,-6.762011,3.128332,-0.767734,3.388709,-0.000116,310.407062
2.850000,-1.578370,-6.760443,3.090305,-0.788965,3.376402,-0.000359,-3.851509
2.860000,-1.627130,-6.756993,3.051302,-0.808429,3.364597,0.000424,-3.934642
2.870000,-1.675719,-6.751638,3.011612,-0.824032,3.353153,0.002107,-3.985522
2.880000,-1.724054,-6.744365,2.971591,-0.833468,3.342050,0.002934,-4.000837
2.890000,-1.772054,-6.735161,2.931595,-0.834430,3.331271,0.001179,-3.984961
2.900000,-1.819638,-6.724017,2.891892,-0.825884,3.320886,-0.002689,-3.964791
2.910000,-1.866734,-6.710960,2.852299,-0.813358,3.311437,-0.005758,-3.970085
2.920000,-1.913274,-6.696026,2.812490,-0.804487,3.303617,-0.006160,-4.008076
2.930000,-1.959189,-6.679254,2.772138,-0.806904,3.298119,-0.002953,-4.076615
2.940000,-2.004406,-6.660674,2.730958,-0.826493,3.295453,0.002254,-4.159719
2.950000,-2.048825,-6.640277,2.688943,-0.857881,3.294970,0.005875,-4.238094
2.960000,-2.092340,-6.618039,2.646196,-0.891247,3.295558,0.006094,-4.306264
2.970000,-2.134843,-6.593937,2.602818,-0.916759,3.296107,0.002535,-4.363073
2.980000,-2.176227,-6.567954,2.558935,-0.925744,3.295665,-0.001559,-4.398182
2.990000,-2.216420,-6.540142,2.514854,-0.918886,3.294563,-0.002594,-4.397943
3.000000,-2.255360,-6.510587,2.470976,-0.901390,3.293752,-0.001178,-4.357879
3.010000,-2.292986,-6.479375,2.427697,-0.878491,3.294190,0.000350,-4.279270
3.020000,-2.329242,-6.446591,2.385390,-0.855122,3.296788,0.000732,-4.176876
3.030000,-2.364094,-6.412323,2.344159,-0.833118,3.301998,0.000639,-4.072060
3.040000,-2.397523,-6.376664,2.303949,-0.812488,3.310003,0.000638,-3.972833
3.050000,-2.429513,-6.339704,2.264703,-0.793218,3.320983,0.000697,-3.879292
3.060000,-2.460044,-6.301534,2.226363,-0.775292,3.335082,0.000726,-3.791414
3.070000,-2.489106,-6.262236,2.188874,-0.758634,3.352008,0.000689,-3.709158
3.080000,-2.516692,-6.221886,2.152180,-0.743124,3.371153,0.000626,-3.632505
3.090000,-2.542795,-6.180558,2.116224,-0.728642,3.391904,0.000564,-3.561414
3.100000,-2.567410,-6.138329,2.080952,-0.715070,3.413661,0.000530,-3.495081
3.110000,-2.590533,-6.095267,2.046323,-0.702273,3.436088,0.000534,-3.432094
3.120000,-2.612166,-6.051436,2.012310,-0.690109,3.459071,0.000546,-3.371776
3.130000,-2.632310,-6.006900,1.978887,-0.678433,3.482506,0.000510,-3.314072
3.140000,-2.650967,-5.961721,1.946029,-0.667100,3.506289,0.000476,-3.258032
3.150000,-2.668141,-5.915960,1.913727,-0.655916,3.530346,0.000553,-3.201805
3.160000,-2.683843,-5.869672,1.881992,-0.644638,3.554633,0.000674,-3.144404
3.170000,-2.698084,-5.822913,1.850838,-0.633023,3.579109,0.000636,-3.085798
3.180000,-2.710873,-5.775736,1.820276,-0.620832,3.603736,0.000393,-3.026449
3.190000,-2.722225,-5.728195,1.790309,-0.608117,3.628559,0.000188,-2.967364
3.200000,-2.732161,-5.680337,1.760929,-0.595285,3.653732,0.000184,-2.909141
3.210000,-2.740702,-5.632208,1.732127,-0.582765,3.679418,0.000318,-2.851811
3.220000,-2.747869,-5.583857,1.703893,-0.570983,3.705774,0.000503,-2.795278
3.230000,-2.753684,-5.535325,1.676221,-0.560032,3.732828,0.000664,-2.739302
3.240000,-2.758168,-5.486652,1.649107,-0.549506,3.760409,0.000737,-2.683725
3.250000,-2.761345,-5.437876,1.622547,-0.538958,3.788331,0.000650,-2.628531
3.260000,-2.763238,-5.389032,1.596536,-0.527943,3.816407,0.000433,-2.573367
3.270000,-2.763870,-5.340158,1.571079,-0.516231,3.844576,0.000309,-2.517238
3.280000,-2.763271,-5.291282,1.546192,-0.503983,3.872997,0.000364,-2.459432
3.290000,-2.761472,-5.242434,1.521891,-0.491401,3.901857,0.000464,-2.399881
3.300000,-2.758502,-5.193644,1.498194,-0.478690,3.931340,0.000505,-2.338675
3.310000,-2.754391,-5.144938,1.475117,-0.465961,3.961579,0.000535,-2.276098
3.320000,-2.749174,-5.096338,1.452672,-0.453121,3.992590,0.000606,-2.212376
3.330000,-2.742883,-5.047863,1.430870,-0.440052,4.024371,0.000629,-2.147535
3.340000,-2.735552,-4.999535,1.409721,-0.426634,4.056924,0.000549,-2.081572
3.350000,-2.727216,-4.951372,1.389238,-0.412799,4.090275,0.000472,-2.014480
3.360000,-2.717911,-4.903386,1.369432,-0.398627,4.124524,0.000494,-1.946253
3.370000,-2.707674,-4.855589,1.350313,-0.384219,4.159784,0.000552,-1.876890
3.380000,-2.696542,-4.807992,1.331894,-0.369679,4.196170,0.000575,-1.806435
3.390000,-2.684552,-4.760605,1.314184,-0.355078,4.233770,0.000582,-1.735086
3.400000,-2.671742,-4.713434,1.297192,-0.340394,4.272591,0.000614,-1.663030
3.410000,-2.658149,-4.666480,1.280924,-0.325583,4.312625,0.000638,-1.590297
3.420000,-2.643811,-4.619749,1.265386,-0.310598,4.353862,0.000613,-1.516887
3.430000,-2.628766,-4.573242,1.250586,-0.295413,4.396323,0.000579,-1.442791
3.440000,-2.613052,-4.526957,1.236530,-0.280066,4.440161,0.000589,-1.368004
3.450000,-2.596705,-4.480891,1.223226,-0.264612,4.485562,0.000619,-1.292522
3.460000,-2.579765,-4.435040,1.210680,-0.249109,4.532711,0.000612,-1.216595
3.470000,-2.562269,-4.389400,1.198894,-0.233639,4.581722,0.000497,-1.141764
3.480000,-2.544252,-4.343965,1.187845,-0.218438,4.632327,0.000331,-1.069739
3.490000,-2.525748,-4.298724,1.177499,-0.203788,4.684134,0.000255,-1.000937
3.500000,-2.506794,-4.253672,1.167826,-0.189970,4.736754,0.000382,-0.935337
3.510000,-2.487421,-4.208798,1.158793,-0.177210,4.789806,0.000568,-0.872780
3.520000,-2.467659,-4.164095,1.150370,-0.165372,4.842977,0.000601,-0.813073
3.530000,-2.447535,-4.119553,1.142531,-0.154176,4.895980,0.000515,-0.756161
3.540000,-2.427072,-4.075165,1.135247,-0.143341,4.948529,0.000440,-0.701891
3.550000,-2.406299,-4.030922,1.128493,-0.132600,5.000368,0.000462,-0.648873
3.560000,-2.385239,-3.986813,1.122270,-0.121805,5.051469,0.000533,-0.595270
3.570000,-2.363918,-3.942830,1.116588,-0.110866,5.101921,0.000580,-0.540475
3.580000,-2.342359,-3.898963,1.111460,-0.099693,5.151811,0.000546,-0.484549
3.590000,-2.320587,-3.855202,1.106897,-0.088216,5.201225,0.000424,-0.428252
3.600000,-2.298627,-3.811536,1.102895,-0.076561,5.250211,0.000294,-0.372682
3.610000,-2.276504,-3.767952,1.099443,-0.064970,5.298797,0.000238,-0.318254
3.620000,-2.254242,-3.724438,1.096530,-0.053687,5.347010,0.000303,-0.264981
3.630000,-2.231866,-3.680983,1.094144,-0.042941,5.394872,0.000423,-0.212973
3.640000,-2.209398,-3.637575,1.092271,-0.032739,5.442323,0.000471,-0.162406
3.650000,-2.186860,-3.594203,1.090896,-0.022933,5.489241,0.000437,-0.113356
3.660000,-2.164272,-3.550857,1.090003,-0.013369,5.535506,0.000392,-0.065797
3.670000,-2.141655,-3.507524,1.089580,-0.003899,5.581014,0.000387,-0.019243
3.680000,-2.119030,-3.464195,1.089619,0.005558,5.625993,0.000408,0.027169
3.690000,-2.096416,-3.420860,1.090123,0.015020,5.670955,0.000425,0.073851
3.700000,-2.073835,-3.377507,1.091096,0.024508,5.716422,0.000423,0.120804
3.710000,-2.051305,-3.334127,1.092539,0.034036,5.762871,0.000380,0.167656
3.720000,-2.028848,-3.290710,1.094449,0.043555,5.809634,0.000303,0.213684
3.730000,-2.006483,-3.247245,1.096813,0.052943,5.854857,0.000241,0.258500
3.740000,-1.984230,-3.203723,1.099619,0.062077,5.896624,0.000250,0.302087
3.750000,-1.962109,-3.160133,1.102854,0.070838,5.933002,0.000320,0.344429
3.760000,-1.940139,-3.116465,1.106507,0.079196,5.961238,0.000355,0.385495
3.770000,-1.918337,-3.072713,1.110564,0.087239,5.977551,0.000326,0.425265
3.780000,-1.896721,-3.028869,1.115013,0.095061,5.978093,0.000291,0.463746
3.790000,-1.875309,-2.984924,1.119839,0.102757,5.959094,0.000305,0.501389
3.800000,-1.854117,-2.940871,1.125040,0.110427,5.920986,0.000370,0.539307
3.810000,-1.833163,-2.896705,1.130625,0.118178,5.870594,0.000428,0.578228
3.820000,-1.812466,-2.852418,1.136605,0.126117,5.815278,0.000428,0.618208
3.830000,-1.792042,-2.808005,1.142990,0.134349,5.762367,0.000354,0.659078
3.840000,-1.771910,-2.763458,1.149787,0.142897,5.716114,0.000266,0.700363
3.850000,-1.752091,-2.718772,1.156997,0.151624,5.675105,0.000229,0.741722
3.860000,-1.732603,-2.673941,1.164621,0.160376,5.637313,0.000251,0.783124
3.870000,-1.713468,-2.628959,1.172659,0.169000,5.600715,0.000313,0.824533
3.880000,-1.694705,-2.583820,1.181112,0.177413,5.564018,0.000365,0.865842
3.890000,-1.676334,-2.538520,1.189976,0.185689,5.527562,0.000379,0.906964
3.900000,-1.658375,-2.493056,1.199251,0.193924,5.491911,0.000362,0.947891
3.910000,-1.640847,-2.447424,1.208934,0.202213,5.457629,0.000336,0.988738
3.920000,-1.623771,-2.401620,1.219026,0.210633,5.425130,0.000333,1.029940
3.930000,-1.607168,-2.355644,1.229533,0.219211,5.394412,0.000352,1.071870
3.940000,-1.591058,-2.309493,1.240463,0.227963,5.365402,0.000367,1.114584
3.950000,-1.575465,-2.263165,1.251824,0.236908,5.338027,0.000367,1.158220
3.960000,-1.560408,-2.216660,1.263627,0.246082,5.312286,0.000404,1.203390
3.970000,-1.545913,-2.169977,1.275892,0.255582,5.288422,0.000485,1.250667
3.980000,-1.532004,-2.123117,1.288641,0.265520,5.266727,0.000528,1.300152
3.990000,-1.518704,-2.076081,1.301895,0.276008,5.247494,0.000480,1.352010
4.000000,-1.506041,-2.028868,1.315681,0.287146,5.231009,0.000476,1.407109
4.010000,-1.494043,-1.981483,1.330037,0.298989,5.217517,0.000595,1.466332
4.020000,-1.482743,-1.933927,1.345008,0.311580,5.207255,0.000695,1.529864
4.030000,-1.472172,-1.886205,1.360635,0.324962,5.200459,0.000552,1.596532
4.040000,-1.462360,-1.838319,1.376938,0.338955,5.197178,-0.000087,1.659026
4.050000,-1.453337,-1.790278,1.393815,0.352209,5.196476,-0.000883,1.709212
4.060000,-1.445132,-1.742092,1.411123,0.362995,5.197097,-0.001154,1.745091
4.070000,-1.437772,-1.693771,1.428717,0.369583,5.197783,-0.000381,1.766635
4.080000,-1.431282,-1.645325,1.446455,0.370561,5.197480,0.000629,1.773637
4.090000,-1.425661,-1.596770,1.464190,0.366592,5.196454,0.000758,1.765846
4.100000,-1.420896,-1.548122,1.481772,0.359172,5.195498,0.000226,1.743192
4.110000,-1.416974,-1.499399,1.499054,0.349797,5.195409,-0.000251,1.706257
4.120000,-1.413883,-1.450617,1.515897,0.339860,5.196936,-0.000336,1.660423
4.130000,-1.411603,-1.401791,1.532262,0.329899,5.200447,-0.000292,1.612834
4.140000,-1.410111,-1.352934,1.548154,0.320033,5.206121,-0.000289,1.565856
4.150000,-1.409384,-1.304059,1.563579,0.310377,5.214141,-0.000335,1.519511
4.160000,-1.409399,-1.255179,1.578544,0.301035,5.224661,-0.000392,1.473862
4.170000,-1.410134,-1.206305,1.593057,0.291994,5.237599,-0.000409,1.429000
4.180000,-1.411567,-1.157446,1.607124,0.283164,5.252730,-0.000390,1.384960
4.190000,-1.413677,-1.108612,1.620756,0.274461,5.269824,-0.000359,1.341745
4.200000,-1.416442,-1.059810,1.633959,0.265802,5.288663,-0.000321,1.299375
4.210000,-1.419841,-1.011050,1.646743,0.257203,5.309143,-0.000278,1.257883
4.220000,-1.423853,-0.962335,1.659117,0.248748,5.331242,-0.000251,1.217285
4.230000,-1.428458,-0.913673,1.671089,0.240523,5.354943,-0.000272,1.177595
4.240000,-1.433636,-0.865068,1.682669,0.232610,5.380223,-0.000301,1.139103
4.250000,-1.439366,-0.816526,1.693871,0.225056,5.407011,-0.000271,1.102321
4.260000,-1.445631,-0.768051,1.704715,0.217875,5.435191,-0.000209,1.067494
4.270000,-1.452414,-0.719644,1.715221,0.211080,5.464648,-0.000200,1.034615
4.280000,-1.459697,-0.671310,1.725407,0.204679,5.495265,-0.000269,1.003262
4.290000,-1.467463,-0.623052,1.735286,0.198601,5.526930,-0.000338,0.972605
4.300000,-1.475698,-0.574872,1.744860,0.192688,5.559533,-0.000350,0.942197
4.310000,-1.484386,-0.526770,1.754130,0.186779,5.592967,-0.000308,0.912015
4.320000,-1.493514,-0.478751,1.763100,0.180714,5.627124,-0.000248,0.881884
4.330000,-1.503065,-0.430813,1.771768,0.174432,5.661976,-0.000220,0.851424
4.340000,-1.513024,-0.382959,1.780128,0.167989,5.697588,-0.000231,0.820406
4.350000,-1.523376,-0.335188,1.788176,0.161452,5.734033,-0.000254,0.788821
4.360000,-1.534103,-0.287500,1.795905,0.154887,5.771385,-0.000256,0.756894
4.370000,-1.545191,-0.239894,1.803314,0.148352,5.809696,-0.000231,0.725181
4.380000,-1.556625,-0.192371,1.810408,0.141891,5.848989,-0.000203,0.694049
4.390000,-1.568388,-0.144927,1.817195,0.135551,5.889287,-0.000203,0.663524
4.400000,-1.580466,-0.097563,1.823679,0.129373,5.930608,-0.000236,0.633550
4.410000,-1.592843,-0.050276,1.829866,0.123367,5.972829,-0.000270,0.603957
4.420000,-1.605505,-0.003065,1.835758,0.117475,6.015559,-0.000276,0.574626
4.430000,-1.618438,0.044074,1.841358,0.111630,6.058379,-0.000262,0.545544
4.440000,-1.631628,0.091141,1.846669,0.105768,6.100870,-0.000243,0.516636
4.450000,-1.645062,0.138139,1.851691,0.099842,6.142766,-0.000237,0.487659
4.460000,-1.658725,0.185071,1.856422,0.093852,6.184145,-0.000244,0.458418
4.470000,-1.672602,0.231941,1.860859,0.087801,6.225132,-0.000251,0.428891
4.480000,-1.686681,0.278750,1.865000,0.081695,6.265855,-0.000250,0.399076
4.490000,-1.700946,0.325503,1.868841,0.075538,6.306396,-0.000251,0.368962
4.500000,-1.715384,0.372203,1.872379,0.069335,6.346726,-0.000262,0.338543
4.510000,-1.729979,0.418854,1.875612,0.063090,6.386798,-0.000270,0.307817
4.520000,-1.744719,0.465460,1.878535,0.056809,6.426561,-0.000258,0.276908
4.530000,-1.759587,0.512025,1.881150,0.050512,6.465995,-0.000210,0.246370
4.540000,-1.774570,0.558552,1.883463,0.044280,6.505180,-0.000153,0.216720
4.550000,-1.789655,0.605048,1.885484,0.038206,6.544217,-0.000134,0.188050
4.560000,-1.804827,0.651515,1.887224,0.032382,6.583205,-0.000184,0.160305
4.570000,-1.820073,0.697958,1.888690,0.026867,6.622178,-0.000259,0.133193
4.580000,-1.835380,0.744380,1.889888,0.021571,6.660886,-0.000293,0.106416
4.590000,-1.850736,0.790787,1.890819,0.016364,6.699001,-0.000280,0.079911
4.600000,-1.866129,0.837182,1.891486,0.011117,6.736199,-0.000240,0.053612
4.610000,-1.881548,0.883568,1.891891,0.005720,6.771303,-0.000218,0.027103
4.620000,-1.896980,0.929950,1.892028,0.000157,6.798661,-0.000233,-0.000081
4.630000,-1.912411,0.976332,1.891889,-0.005555,6.811156,-0.000256,-0.028055
4.640000,-1.927829,1.022718,1.891467,-0.011399,6.801665,-0.000252,-0.056753
4.650000,-1.943222,1.069113,1.890754,-0.017351,6.764713,-0.000210,-0.085691
4.660000,-1.958575,1.115521,1.889753,-0.023340,6.705616,-0.000164,-0.114275
4.670000,-1.973875,1.161946,1.888469,-0.029273,6.634053,-0.000147,-0.142334
4.680000,-1.989109,1.208393,1.886906,-0.035061,6.559711,-0.000181,-0.169884
4.690000,-2.004263,1.254866,1.885071,-0.040627,6.491359,-0.000242,-0.197059
4.700000,-2.019325,1.301369,1.882965,-0.046014,6.430167,-0.000279,-0.224041
4.710000,-2.034283,1.347905,1.880590,-0.051325,6.373554,-0.000277,-0.250892
4.720000,-2.049124,1.394479,1.877947,-0.056664,6.318912,-0.000245,-0.277630
4.730000,-2.063836,1.441094,1.875038,-0.062128,6.263818,-0.000218,-0.304495
4.740000,-2.078406,1.487754,1.871857,-0.067742,6.207792,-0.000219,-0.331831
4.750000,-2.092822,1.534461,1.868401,-0.073490,6.151519,-0.000237,-0.359771
4.760000,-2.107069,1.581220,1.864662,-0.079354,6.095699,-0.000244,-0.388314
4.770000,-2.121134,1.628033,1.860635,-0.085319,6.040997,-0.000242,-0.417449
4.780000,-2.135004,1.674905,1.856313,-0.091379,5.987591,-0.000252,-0.447153
4.790000,-2.148664,1.721839,1.851692,-0.097539,5.935301,-0.000271,-0.477417
4.800000,-2.162100,1.768837,1.846765,-0.103801,5.883940,-0.000271,-0.508226
4.810000,-2.175297,1.815903,1.841527,-0.110166,5.833327,-0.000238,-0.539299
4.820000,-2.188240,1.863039,1.835979,-0.116589,5.783347,-0.000193,-0.570135
4.830000,-2.200915,1.910248,1.830124,-0.122980,5.733949,-0.000169,-0.600493
4.840000,-2.213306,1.957532,1.823969,-0.129247,5.685081,-0.000190,-0.630364
4.850000,-2.225398,2.004893,1.817517,-0.135305,5.636694,-0.000241,-0.659747
4.860000,-2.237177,2.052334,1.810774,-0.141146,5.588751,-0.000270,-0.688644
4.870000,-2.248629,2.099854,1.803744,-0.146848,5.541231,-0.000262,-0.717054
4.880000,-2.259740,2.147455,1.796433,-0.152495,5.494113,-0.000239,-0.744990
4.890000,-2.270496,2.195137,1.788844,-0.158168,5.447378,-0.000253,-0.773008
4.900000,-2.280883,2.242902,1.780973,-0.163979,5.401079,-0.000331,-0.802330
4.910000,-2.290885,2.290748,1.772798,-0.170069,5.355361,-0.000415,-0.833689
4.920000,-2.300488,2.338675,1.764299,-0.176583,5.310373,-0.000408,-0.867122
4.930000,-2.309676,2.386684,1.755455,-0.183665,5.266265,-0.000276,-0.902198
4.940000,-2.318433,2.434774,1.746255,-0.191284,5.223061,-0.000124,-0.937843
4.950000,-2.326739,2.482944,1.736698,-0.199149,5.180593,-0.000069,-0.973349
4.960000,-2.334576,2.531192,1.726788,-0.206946,5.138678,-0.000132,-1.008660
4.970000,-2.341924,2.579516,1.716525,-0.214362,5.097134,-0.000281,-1.043752
4.980000,-2.348766,2.627916,1.705913,-0.221265,5.055857,-0.000404,-1.078555
4.990000,-2.355085,2.676386,1.694954,-0.227855,5.014891,-0.000433,-1.113019
5.000000,-2.360864,2.724923,1.683653,-0.234371,4.974299,-0.000381,-1.147137
5.010000,-2.366086,2.773524,1.672011,-0.241052,4.934139,-0.000273,-1.180807
5.020000,-2.370736,2.822182,1.660036,-0.247997,4.894398,-0.000145,-1.213693
5.030000,-2.374796,2.870894,1.647738,-0.254990,4.854893,-0.000058,-1.245529
5.040000,-2.378249,2.919652,1.635126,-0.261771,4.815415,-0.000075,-1.276282
5.050000,-2.381079,2.968449,1.622212,-0.268081,4.775757,-0.000205,-1.305901
5.060000,-2.383269,3.017280,1.609008,-0.273768,4.735756,-0.000311,-1.334191
5.070000,-2.384807,3.066136,1.595528,-0.278981,4.695370,-0.000303,-1.360983
5.080000,-2.385681,3.115008,1.581788,-0.283925,4.654578,-0.000240,-1.386252
5.090000,-2.385877,3.163887,1.567803,-0.288800,4.613360,-0.000238,-1.410729
5.100000,-2.385383,3.212764,1.553574,-0.293867,4.571786,-0.000429,-1.437661
5.110000,-2.384185,3.261629,1.539050,-0.299577,4.530244,-0.000700,-1.470108
5.120000,-2.382266,3.310470,1.524171,-0.306427,4.489190,-0.000789,-1.508613
5.130000,-2.379613,3.359278,1.508878,-0.314912,4.449081,-0.000516,-1.553001
5.140000,-2.376207,3.408040,1.493111,-0.325352,4.410282,-0.000154,-1.602356
5.150000,-2.372023,3.456741,1.476830,-0.337329,4.372769,-0.000071,-1.655732
5.160000,-2.367033,3.505365,1.459997,-0.350224,4.336417,-0.000223,-1.712933
5.170000,-2.361210,3.553896,1.442572,-0.363420,4.301100,-0.000446,-1.773827
5.180000,-2.354524,3.602318,1.424520,-0.376414,4.266751,-0.000630,-1.837605
5.190000,-2.346948,3.650608,1.405820,-0.389327,4.233620,-0.000747,-1.903354
5.200000,-2.338455,3.698745,1.386453,-0.402481,4.202059,-0.000761,-1.970850
5.210000,-2.329015,3.746705,1.366403,-0.416201,4.172422,-0.000631,-2.039990
5.220000,-2.318600,3.794464,1.345653,-0.430729,4.144966,-0.000404,-2.109991
5.230000,-2.307183,3.841994,1.324203,-0.445776,4.119297,-0.000234,-2.179897
5.240000,-2.294733,3.889262,1.302055,-0.460835,4.094760,-0.000229,-2.249430
5.250000,-2.281223,3.936237,1.279214,-0.475398,4.070697,-0.000391,-2.317999
5.260000,-2.266625,3.982887,1.255695,-0.488923,4.046539,-0.000245,-2.380075
5.270000,-2.250923,4.029178,1.231613,-0.500568,4.022442,0.000383,-2.428268
5.280000,-2.234107,4.075075,1.207130,-0.509344,3.998924,0.000882,-2.460109
5.290000,-2.216169,4.120543,1.182411,-0.514262,3.976503,0.000468,-2.475982
5.300000,-2.197099,4.165548,1.157610,-0.514509,3.955579,-0.000652,-2.480573
5.310000,-2.176907,4.210062,1.132799,-0.511174,3.935277,-0.001370,-2.480748
5.320000,-2.155615,4.254060,1.107995,-0.506489,3.913951,-0.001270,-2.479128
5.330000,-2.133242,4.297521,1.083217,-0.502703,3.889946,-0.000555,-2.476223
5.340000,-2.109808,4.340418,1.058471,-0.501986,3.861761,-0.000049,-2.479049
5.350000,-2.085322,4.382722,1.033636,-0.505399,3.830043,-0.000369,-2.498934
5.360000,-2.059784,4.424397,1.008492,-0.513194,3.797011,-0.001014,-2.540768
5.370000,-2.033192,4.465409,0.982820,-0.525601,3.764920,-0.001021,-2.604342
5.380000,-2.005547,4.505721,0.956405,-0.542782,3.735928,-0.000115,-2.683418
5.390000,-1.976839,4.545284,0.929152,-0.563525,3.710441,0.000809,-2.766856
5.400000,-1.947054,4.584040,0.901068,-0.585413,3.687315,0.000971,-2.849260
5.410000,-1.916177,4.621927,0.872167,-0.605987,3.665354,0.000210,-2.930375
5.420000,-1.884193,4.658886,0.842461,-0.622859,3.643388,-0.000927,-3.008195
5.430000,-1.851101,4.694861,0.812003,-0.635465,3.620897,-0.001422,-3.078736
5.440000,-1.816917,4.729799,0.780886,-0.645180,3.598054,-0.001135,-3.139847
5.450000,-1.781657,4.763649,0.749206,-0.653473,3.575065,-0.000650,-3.191507
5.460000,-1.745336,4.796360,0.717056,-0.661799,3.552138,-0.000417,-3.236825
5.470000,-1.707975,4.827879,0.684469,-0.671023,3.529486,-0.000429,-3.282706
5.480000,-1.669601,4.858154,0.651402,-0.681261,3.507329,-0.000459,-3.333287
5.490000,-1.630241,4.887133,0.617804,-0.692580,3.485892,-0.000434,-3.388818
5.500000,-1.589922,4.914763,0.583625,-0.705043,3.465394,-0.000335,-3.449117
5.510000,-1.548674,4.940989,0.548821,-0.718614,3.446042,-0.000278,-3.513722
5.520000,-1.506531,4.965749,0.513351,-0.733099,3.428010,-0.000393,-3.582330
5.530000,-1.463529,4.988982,0.477175,-0.748291,3.411473,-0.000706,-3.654909
5.540000,-1.419702,5.010626,0.440253,-0.763982,3.396606,-0.001030,-3.730752
5.550000,-1.375093,5.030620,0.402560,-0.779989,3.383578,-0.000957,-3.807835
5.560000,-1.329759,5.048904,0.364096,-0.796169,3.372552,-0.000446,-3.884689
5.570000,-1.283759,5.065417,0.324866,-0.812382,3.363688,0.000186,-3.961168
5.580000,-1.237151,5.080098,0.284873,-0.828492,3.357148,0.000614,-4.037274
5.590000,-1.189995,5.092887,0.244120,-0.844360,3.353093,0.000553,-4.113006
5.600000,-1.142348,5.103724,0.202613,-0.859849,3.351685,-0.000239,-4.188364
5.610000,-1.094270,5.112547,0.160353,-0.874819,3.353084,0.103374,-4.225949
