time_s,x_m,y_m,psi_rad,kappa_rad,vx_mps,ax_mps2
0.000000,-0.852928,5.125907,-0.046640,-0.816011,3.093254,-0.020486
0.050000,-0.644141,5.098335,-0.214557,-0.778773,3.091662,-0.011460
0.100000,-0.442493,5.037422,-0.369118,-0.689607,3.091391,0.399452
0.150000,-0.251817,4.947814,-0.507015,-0.620076,3.119988,1.222816
0.200000,-0.074403,4.834116,-0.630537,-0.553593,3.202941,1.612904
0.250000,0.088443,4.700361,-0.743429,-0.517612,3.306857,1.526596
0.300000,0.235876,4.549751,-0.846838,-0.464566,3.403601,1.810932
0.350000,0.367779,4.385356,-0.941221,-0.430984,3.513761,1.773765
0.400000,0.484279,4.209689,-1.027780,-0.390726,3.619002,1.949676
0.450000,0.585895,4.025002,-1.106642,-0.357558,3.730944,2.032221
0.500000,0.673327,3.833183,-1.178416,-0.323598,3.844335,2.198566
0.550000,0.747467,3.635836,-1.243357,-0.292384,3.963315,2.358559
0.600000,0.809302,3.434287,-1.301778,-0.262725,4.087124,2.541824
0.650000,0.859875,3.229616,-1.354511,-0.234968,4.216484,2.738959
0.700000,0.900241,3.022685,-1.400397,-0.208855,4.351580,2.957518
0.750000,0.931453,2.814172,-1.444316,-0.184096,4.492916,3.208803
0.800000,0.954542,2.604601,-1.475370,-0.160642,4.641397,3.495575
0.850000,0.970523,2.394365,-1.507205,-0.137055,4.798021,3.885326
0.900000,0.980415,2.183752,-1.619168,-0.114715,4.966303,4.328260
0.950000,0.985215,1.972959,-0.938825,-0.091793,5.147459,4.916668
1.000000,0.985938,1.762112,-1.049985,-0.068186,5.345624,5.261354
1.050000,0.983671,1.551275,-1.749550,-0.037799,5.549264,5.227008
1.100000,0.979739,1.340461,-1.543936,-0.005219,5.744428,5.231318
1.150000,0.975426,1.129654,-1.604124,0.003727,5.933337,5.224001
1.200000,0.971226,0.918846,-1.586928,0.002697,6.116158,5.219996
1.250000,0.967155,0.708034,-1.590706,0.002712,6.293538,5.215062
1.300000,0.963203,0.497221,-1.589050,0.002499,6.465892,5.210516
1.350000,0.959362,0.286405,-1.588812,0.002347,6.633625,5.205337
1.400000,0.955626,0.075588,-1.588274,0.002135,6.797062,5.202347
1.450000,0.951985,-0.135232,-1.587850,0.002036,6.956560,5.191532
1.500000,0.948435,-0.346053,-1.587422,0.002000,7.112198,5.207548
1.550000,0.944973,-0.556875,-1.587012,0.001889,7.264828,5.138013
1.600000,0.941595,-0.767699,-1.586621,0.001826,7.412881,5.309954
1.650000,0.938300,-0.978524,-1.586222,0.001983,7.560670,0.483560
1.700000,0.935094,-1.189350,-1.585776,0.002248,7.565151,-9.700571
1.750000,0.931987,-1.400178,-1.585275,0.002502,7.288487,-9.514192
1.800000,0.928993,-1.611008,-1.584711,0.002877,7.008024,-9.745799
1.850000,0.926125,-1.821839,-1.584077,0.003090,6.707702,-9.238556
1.900000,0.923327,-2.032671,-1.584527,-0.009222,6.413970,-6.476216
1.950000,0.920041,-2.243496,-1.589220,-0.036268,6.198330,-5.455084
2.000000,0.915217,-2.454290,-1.598641,-0.051718,6.010911,-4.609414
2.050000,0.908088,-2.665020,-1.611121,-0.066779,5.847598,-4.054715
2.100000,0.898004,-2.875629,-1.626616,-0.079942,5.699955,-3.676928
2.150000,0.884376,-3.086040,-1.644742,-0.091883,5.562593,-3.424317
2.200000,0.866680,-3.296149,-1.665294,-0.102968,5.431409,-3.320913
2.250000,0.844433,-3.505826,-1.688050,-0.112736,5.300963,-3.278675
2.300000,0.817207,-3.714912,-1.712854,-0.122615,5.168963,-3.226694
2.350000,0.784581,-3.923220,-1.739860,-0.133718,5.035671,-3.188868
2.400000,0.746092,-4.130521,-1.769314,-0.145798,4.900419,-3.079140
2.450000,0.701235,-4.336532,-1.801593,-0.160756,4.766275,-2.940663
2.500000,0.649416,-4.540899,-1.837250,-0.177661,4.634495,-2.836442
2.550000,0.589977,-4.743178,-1.876576,-0.195468,4.503775,-2.692497
2.600000,0.522239,-4.942828,-1.919933,-0.216051,4.376105,-2.541956
2.650000,0.445472,-5.139180,-1.967850,-0.238618,4.252095,-2.373495
2.700000,0.358914,-5.331415,-2.020774,-0.263536,4.132967,-2.211660
2.750000,0.261808,-5.518540,-2.079123,-0.290029,4.018764,-2.058482
2.800000,0.153441,-5.699371,-2.143222,-0.318112,3.909526,-1.906826
2.850000,0.033196,-5.872519,-2.213419,-0.347881,3.805472,-1.820661
2.900000,-0.099401,-6.036390,-2.289775,-0.376732,3.703325,-1.678139
2.950000,-0.244607,-6.189190,-2.372922,-0.412170,3.606911,-1.494638
3.000000,-0.402483,-6.328841,-2.462823,-0.440510,3.518507,-1.601581
3.050000,-0.572618,-6.453253,-2.558544,-0.467781,3.420867,-1.557130
3.100000,-0.754134,-6.560341,-2.659376,-0.489439,3.323566,-1.937906
3.150000,-0.945742,-6.648080,-2.766271,-0.528549,3.197728,-1.490446
3.200000,-1.146009,-6.713655,-2.887241,-0.618750,3.099882,-0.724369
3.250000,-1.353047,-6.752732,-3.025531,-0.694361,3.051461,-0.070087
3.300000,-1.563534,-6.761117,3.101967,-0.782631,3.047133,-0.012903
3.350000,-1.772520,-6.735062,2.931207,-0.834390,3.046135,-0.020287
3.400000,-1.973889,-6.673444,2.758921,-0.811352,3.044753,-0.020226
3.450000,-2.161335,-6.577604,2.574912,-0.924581,3.043336,-0.018159
3.500000,-2.327480,-6.448250,2.387460,-0.856248,3.042126,-0.029499
3.550000,-2.467861,-6.291264,2.216384,-0.770775,3.039908,0.035525
3.600000,-2.580949,-6.113552,2.060872,-0.707593,3.043235,0.538064
3.650000,-2.666344,-5.920965,1.917213,-0.657133,3.081317,0.967826
3.700000,-2.724374,-5.718418,1.784245,-0.605485,3.147288,1.225692
3.750000,-2.756173,-5.510110,1.662096,-0.554551,3.228877,1.438587
3.800000,-2.763457,-5.299495,1.550333,-0.506070,3.321703,1.615742
3.850000,-2.748324,-5.089275,1.449459,-0.451236,3.423237,1.934215
3.900000,-2.713324,-4.881418,1.360568,-0.392035,3.541004,2.362945
3.950000,-2.661306,-4.677134,1.284558,-0.328963,3.679855,2.922467
4.000000,-2.595267,-4.476927,1.222114,-0.263276,3.844675,3.645985
4.050000,-2.518222,-4.280688,1.173553,-0.198147,4.040952,4.534317
4.100000,-2.432969,-4.087871,1.137279,-0.146426,4.272138,5.217668
4.150000,-2.341774,-3.897780,1.111329,-0.099388,4.522677,5.271059
4.200000,-2.246632,-3.709632,1.095659,-0.049959,4.761710,5.246453
4.250000,-2.149479,-3.522509,1.089674,-0.007171,4.989809,5.117494
4.300000,-2.052031,-3.335528,1.092485,0.033729,5.196768,-0.583114
4.350000,-1.955913,-3.147857,1.103840,0.073227,5.164528,-5.273392
4.400000,-1.862674,-2.958731,1.122888,0.107316,4.946529,-3.758827
4.450000,-1.773740,-2.767541,1.149147,0.142105,4.784469,-2.855243
4.500000,-1.690591,-2.573775,1.183044,0.179259,4.658367,-1.763170
4.550000,-1.614818,-2.377016,1.224601,0.215207,4.579394,-0.533355
4.600000,-1.548062,-2.177028,1.274012,0.254124,4.556132,0.030359
4.650000,-1.492156,-1.973753,1.332431,0.300986,4.557296,-0.063616
4.700000,-1.449325,-1.767341,1.402015,0.357761,4.554418,-0.038198
4.750000,-1.421826,-1.558348,1.478099,0.360943,4.552628,-0.051715
4.800000,-1.410001,-1.347875,1.549772,0.319021,4.550261,-0.021542
4.850000,-1.412366,-1.137074,1.612862,0.279524,4.549137,-0.121274
4.900000,-1.427161,-0.926773,1.667904,0.242711,4.544115,0.770858
4.950000,-1.452726,-0.717504,1.715678,0.210788,4.581290,1.790888
5.000000,-1.487603,-0.509578,1.757374,0.184634,4.663866,2.427193
5.050000,-1.530538,-0.303160,1.793401,0.157043,4.773127,3.106056
5.100000,-1.580282,-0.098274,1.823584,0.129464,4.909311,3.816390
5.150000,-1.635614,0.105180,1.848199,0.104006,5.071290,4.537613
5.200000,-1.695392,0.307376,1.867387,0.077932,5.257701,5.277006
5.250000,-1.758478,0.508567,1.880966,0.050978,5.465221,5.270108
5.300000,-1.823731,0.709068,1.889001,0.025585,5.664982,4.904971
5.350000,-1.890079,0.909212,1.892000,0.002664,5.842252,-1.810367
5.400000,-1.956527,1.109322,1.889903,-0.022541,5.763385,-8.020835
5.450000,-2.022026,1.309745,1.882557,-0.046973,5.467074,-5.787712
5.500000,-2.085542,1.510803,1.870186,-0.070563,5.238551,-5.275767
5.550000,-2.146048,1.712785,1.852606,-0.096343,5.023110,-4.479988
5.600000,-2.202427,1.915954,1.829397,-0.123745,4.831968,-4.021269
5.650000,-2.253498,2.120519,1.800603,-0.149303,4.653637,-3.687937
5.700000,-2.298106,2.326586,1.766473,-0.174893,4.483965,-3.204675
5.750000,-2.335042,2.534162,1.726167,-0.207416,4.331241,-2.898219
5.800000,-2.362889,2.743145,1.679326,-0.236845,4.188039,-2.712145
5.850000,-2.380266,2.953253,1.626264,-0.266183,4.049377,-2.663953
5.900000,-2.385877,3.163996,1.567771,-0.288811,3.907960,-2.766039
5.950000,-2.378619,3.374683,1.503952,-0.318006,3.756137,-2.438364
6.000000,-2.357104,3.584387,1.431285,-0.371625,3.617277,-1.926825
6.050000,-2.319221,3.791747,1.346855,-0.429882,3.504620,-1.316090
6.100000,-2.262702,3.994798,1.249564,-0.492129,3.424509,-1.044842
6.150000,-2.185723,4.190988,1.143465,-0.512905,3.360956,-1.060385
6.200000,-2.088224,4.377834,1.036535,-0.504782,3.291200,-1.528782
6.250000,-1.971048,4.552996,0.923677,-0.567830,3.193920,-0.846364
6.300000,-1.833773,4.712842,0.796183,-0.640697,3.137616,-0.529608
6.350000,-1.676410,4.852931,0.657244,-0.679388,3.102987,-0.090006
6.400000,-1.500646,4.969048,0.508401,-0.735159,3.097155,-0.009247
6.450000,-1.309064,5.056584,0.346474,-0.803495,3.096516,-0.024066
6.500000,-1.105596,5.110660,0.170344,-0.871357,3.094727,-0.016425
