#x_m,y_m,w_tr_right_m,w_tr_left_m
-0.98,5.520000000000001,0.7000000000000001,1.3817821063276354
-0.9300000000000002,5.470000000000001,0.65,1.4034441853748634
-0.73,5.470000000000001,0.6658910531638177,1.3256816492197605
-0.6800000000000002,5.42,0.6300735254367722,1.3580127840328724
-0.5800000000000001,5.42,0.65,1.3147344063956181
-0.5299999999999998,5.370000000000001,0.6019202405202649,1.3365424623862048
-0.3799999999999999,5.370000000000001,0.6300735254367722,1.2785330255586425
-0.33000000000000007,5.32,0.6000000000000001,1.3101470508735444
-0.2799999999999998,5.32,0.620820393249937,1.291640786499874
-0.22999999999999998,5.270000000000001,0.6000000000000001,1.3156500283747663
-0.18000000000000016,5.270000000000001,0.620820393249937,1.2962912017836261
0.020000000000000018,5.07,0.5863961030678928,1.2000000000000002
0.020000000000000018,5.020000000000001,0.5510407640085654,1.214911064067352
0.1200000000000001,4.92,0.5510407640085654,1.1384864324004713
0.1200000000000001,4.870000000000001,0.5156854249492381,1.1520815280171308
0.27,4.720000000000001,0.5156854249492381,1.0293516572461452
0.27,4.67,0.48033008588991066,1.0420164833920778
0.36999999999999966,4.57,0.48033008588991066,0.9611874208078343
0.36999999999999966,4.520000000000001,0.4449747468305833,0.969803902718557
0.4200000000000004,4.470000000000001,0.4449747468305833,0.932344135219425
0.4200000000000004,4.42,0.4109772228646444,0.9462429422585639
0.4700000000000002,4.370000000000001,0.4216990566028302,0.9156603957913984
0.4700000000000002,4.32,0.397213595499958,0.9348857801796104
0.52,4.270000000000001,0.42434164902525695,0.9117692030835672
0.52,4.220000000000001,0.4109772228646444,0.9361541461658011
0.5699999999999998,4.17,0.4424428900898052,0.9
0.5699999999999998,4.020000000000001,0.397213595499958,0.9
0.6199999999999997,3.9700000000000006,0.42434164902525695,0.8500000000000001
0.6199999999999997,2.5700000000000003,0.42434164902525695,0.8500000000000001
0.5699999999999998,2.5200000000000014,0.397213595499958,0.9
0.5699999999999998,2.3200000000000003,0.4109772228646444,0.8444271909999159
0.52,2.2700000000000014,0.37720018726587656,0.8692388155425118
0.52,1.92,0.4109772228646444,0.8
0.4700000000000002,1.870000000000001,0.35311288741492747,0.8500000000000001
0.4700000000000002,-0.9799999999999995,0.4027692569068709,0.8
0.4200000000000004,-1.0299999999999994,0.3623105625617661,0.8500000000000001
0.4200000000000004,-1.83,0.4027692569068709,0.8
0.36999999999999966,-1.88,0.3623105625617661,0.8500000000000001
0.36999999999999966,-2.2799999999999994,0.42434164902525695,0.8500000000000001
0.31999999999999984,-2.33,0.397213595499958,0.9
0.31999999999999984,-2.4799999999999995,0.4424428900898052,0.9
0.27,-2.5299999999999994,0.4216990566028302,0.9500000000000001
0.27,-3.7299999999999995,0.5352349955359813,1.05
0.2200000000000002,-3.7799999999999994,0.5,1.101086443322134
0.2200000000000002,-4.33,0.558276253029822,1.1172617529928752
0.16999999999999993,-4.38,0.520087712549569,1.1593386622447823
0.16999999999999993,-4.63,0.558276253029822,1.10974135047432
0.1200000000000001,-4.68,0.520087712549569,1.1541594578792296
0.1200000000000001,-4.83,0.5764982043070834,1.1500000000000001
0.06999999999999984,-4.88,0.55,1.1869316876852982
0.06999999999999984,-5.13,0.582455532033676,1.1510412149464313
0.020000000000000018,-5.18,0.55,1.2000000000000002
0.020000000000000018,-5.529999999999999,0.6000000000000001,1.2000000000000002
-0.029999999999999805,-5.58,0.5684658438426491,1.25
-0.029999999999999805,-5.73,0.620820393249937,1.2354960132182442
-0.08000000000000007,-5.779999999999999,0.6000000000000001,1.2738202294873728
-0.08000000000000007,-5.88,0.6446221994724902,1.25862523283024
-0.1299999999999999,-5.93,0.620820393249937,1.3036986370680885
-0.1299999999999999,-6.029999999999999,0.6658910531638177,1.3
-0.18000000000000016,-6.08,0.6446221994724902,1.35
-0.18000000000000016,-6.13,0.6711102550927979,1.35
-0.22999999999999998,-6.18,0.6606335201775948,1.4000000000000001
-0.22999999999999998,-6.279999999999999,0.7132168761236874,1.4000000000000001
-0.2799999999999998,-6.33,0.7000000000000001,1.4500000000000002
-0.2799999999999998,-6.38,0.7310249675906655,1.4500000000000002
-0.3799999999999999,-6.48,0.7278174593052023,1.55
-0.3799999999999999,-6.529999999999999,0.7631727983645297,1.5390248582070705
-0.43000000000000016,-6.58,0.7631727983645297,1.5778820596099707
-0.43000000000000016,-6.63,0.798528137423857,1.5694134740701646
-0.48,-6.68,0.798528137423857,1.5946884203398526
-0.5299999999999998,-6.68,0.7631727983645297,1.6120770138594662
-0.6800000000000002,-6.83,0.7700609733428364,1.5160459763365826
-0.73,-6.83,0.7405694150420948,1.5311388300841897
-0.7799999999999998,-6.88,0.756225774829855,1.5008062419270825
-0.9300000000000002,-6.88,0.6882411530116701,1.4837861650177968
-0.98,-6.93,0.711577310586391,1.4205441169852744
-1.63,-6.93,0.55,1.0835784048754635
-1.6800000000000002,-6.88,0.5,1.090175425099138
-1.83,-6.88,0.5,1.0047511554864494
-1.8800000000000001,-6.83,0.45,1.013014581273465
-1.98,-6.83,0.45990195135927847,0.9500000000000001
-2.0300000000000002,-6.78,0.42434164902525695,0.9624228365658294
-2.08,-6.78,0.4424428900898052,0.9361541461658011
-2.13,-6.73,0.4216990566028302,0.9562305898749055
-2.18,-6.73,0.4424428900898052,0.9348857801796104
-2.23,-6.68,0.4216990566028302,0.9562305898749055
-2.2800000000000002,-6.68,0.45,0.9348857801796104
-2.58,-6.38,0.45,0.8692388155425118
-2.58,-6.33,0.4216990566028302,0.8894147114027968
-2.63,-6.279999999999999,0.4424428900898052,0.867877987534291
-2.63,-6.23,0.4109772228646444,0.8840770846134703
-2.68,-6.18,0.4216990566028302,0.8513878188659973
-2.68,-6.13,0.397213595499958,0.8692388155425118
-2.73,-6.08,0.42434164902525695,0.8444271909999159
-2.73,-6.029999999999999,0.4109772228646444,0.867877987534291
-2.7800000000000002,-5.98,0.4424428900898052,0.8500000000000001
-2.7800000000000002,-5.83,0.37720018726587656,0.8500000000000001
-2.83,-5.779999999999999,0.4109772228646444,0.8
-2.83,-5.23,0.4109772228646444,0.8
-2.7800000000000002,-5.18,0.37720018726587656,0.8500000000000001
-2.7800000000000002,-5.029999999999999,0.4424428900898052,0.8402246907382429
-2.68,-4.93,0.397213595499958,0.867877987534291
-2.68,-4.88,0.4216990566028302,0.8345903006477067
-2.58,-4.779999999999999,0.4096194077712559,0.8513878188659973
-2.58,-4.73,0.4424428900898052,0.824642784226795
-2.43,-4.58,0.4096194077712559,0.867877987534291
-2.43,-4.53,0.4449747468305833,0.8402246907382429
-2.2800000000000002,-4.38,0.4216990566028302,0.8800537618869138
-2.2800000000000002,-4.33,0.45,0.8513878188659973
-2.0300000000000002,-4.08,0.4449747468305833,0.9348857801796104
-2.0300000000000002,-4.03,0.48033008588991066,0.9104686356149273
-1.6800000000000002,-3.6799999999999997,0.4885164807134504,1.0235455276791945
-1.6800000000000002,-3.63,0.5090169943749475,1.001189802081432
-1.63,-3.58,0.4885164807134504,1.0200467279516348
-1.63,-3.5299999999999994,0.5090169943749475,0.9904326023342407
-1.58,-3.4799999999999995,0.47201532544552754,1.0047511554864494
-1.58,-3.4299999999999997,0.4885164807134504,0.9795630140987002
-1.5300000000000002,-3.38,0.45990195135927847,1.001189802081432
-1.5300000000000002,-3.2799999999999994,0.4885164807134504,0.9500000000000001
-1.48,-3.2299999999999995,0.45990195135927847,0.9624228365658294
-1.48,-3.1799999999999997,0.47201532544552754,0.9361541461658011
-1.4300000000000002,-3.13,0.4424428900898052,0.9562305898749055
-1.4300000000000002,-3.0299999999999994,0.47201532544552754,0.9117692030835672
-1.38,-2.9799999999999995,0.4424428900898052,0.9348857801796104
-1.38,-2.88,0.45,0.8894147114027968
-1.33,-2.83,0.4,0.9104686356149273
-1.33,-2.58,0.4,0.7776472678623425
-1.2799999999999998,-2.5299999999999994,0.35311288741492747,0.8
-1.2799999999999998,-2.38,0.397213595499958,0.7326237921249265
-1.23,-2.33,0.35311288741492747,0.756225774829855
-1.23,-2.2299999999999995,0.37720018726587656,0.711577310586391
-1.1800000000000002,-2.1799999999999997,0.35000000000000003,0.7310249675906655
-1.1800000000000002,-2.08,0.3623105625617661,0.6711102550927979
-1.13,-2.0299999999999994,0.33078865529319545,0.6882411530116701
-1.13,-1.9799999999999995,0.35000000000000003,0.6658910531638177
-1.08,-1.9299999999999997,0.30000000000000004,0.6933034373659254
-1.08,-1.7299999999999995,0.35000000000000003,0.65178344238091
-1.0299999999999998,-1.6799999999999997,0.30000000000000004,0.7000000000000001
-1.0299999999999998,-1.13,0.30000000000000004,0.7148529270389178
-1.08,-1.08,0.35000000000000003,0.6780109889280519
-1.08,-0.7799999999999994,0.33078865529319545,0.7262087348130013
-1.13,-0.7299999999999995,0.3623105625617661,0.6933034373659254
-1.13,-0.6299999999999999,0.33078865529319545,0.7262087348130013
-1.1800000000000002,-0.5800000000000001,0.3623105625617661,0.6933034373659254
-1.1800000000000002,-0.33000000000000007,0.3623105625617661,0.7776472678623425
-1.23,-0.27999999999999936,0.38011626335213133,0.756225774829855
-1.23,-0.23000000000000043,0.35311288741492747,0.7746211251235322
-1.2799999999999998,-0.17999999999999972,0.37720018726587656,0.7405694150420948
-1.2799999999999998,-0.129999999999999,0.3623105625617661,0.7577747210701755
-1.33,-0.08000000000000007,0.38011626335213133,0.7326237921249265
-1.33,-0.02999999999999936,0.35311288741492747,0.756225774829855
-1.38,0.019999999999999574,0.37720018726587656,0.7262087348130013
-1.38,0.120000000000001,0.35311288741492747,0.7577747210701755
-1.48,0.22000000000000064,0.3742640687119285,0.711577310586391
-1.48,0.2699999999999996,0.3405124837953327,0.7262087348130013
-1.5300000000000002,0.3200000000000003,0.35311288741492747,0.6933034373659254
-1.5300000000000002,0.370000000000001,0.33078865529319545,0.711577310586391
-1.58,0.41999999999999993,0.3623105625617661,0.6882411530116701
-1.58,0.5199999999999996,0.35000000000000003,0.7262087348130013
-1.63,0.5700000000000003,0.37720018726587656,0.6933034373659254
-1.63,0.6699999999999999,0.33078865529319545,0.7262087348130013
-1.6800000000000002,0.7200000000000006,0.3623105625617661,0.6933034373659254
-1.6800000000000002,0.8200000000000003,0.33078865529319545,0.7262087348130013
-1.73,0.870000000000001,0.35311288741492747,0.6933034373659254
-1.73,0.9199999999999999,0.33078865529319545,0.711577310586391
-1.78,0.9700000000000006,0.3623105625617661,0.6882411530116701
-1.78,1.0700000000000003,0.33078865529319545,0.7262087348130013
-1.83,1.120000000000001,0.35311288741492747,0.6933034373659254
-1.83,1.17,0.33078865529319545,0.711577310586391
-1.8800000000000001,1.2200000000000006,0.35311288741492747,0.6882411530116701
-1.8800000000000001,1.2700000000000014,0.33078865529319545,0.711577310586391
-1.9300000000000002,1.3200000000000003,0.3623105625617661,0.6882411530116701
-1.9300000000000002,1.370000000000001,0.35311288741492747,0.711577310586391
-1.98,1.42,0.37720018726587656,0.6882411530116701
-1.98,1.4700000000000006,0.35311288741492747,0.7132168761236874
-2.0300000000000002,1.5200000000000014,0.37720018726587656,0.6933034373659254
-2.0300000000000002,1.620000000000001,0.33078865529319545,0.7262087348130013
-2.08,1.67,0.3623105625617661,0.6933034373659254
-2.08,1.8200000000000003,0.35000000000000003,0.756225774829855
-2.13,1.870000000000001,0.37720018726587656,0.7262087348130013
-2.13,2.0700000000000003,0.35000000000000003,0.7881527307120106
-2.18,2.120000000000001,0.397213595499958,0.7577747210701755
-2.18,2.2700000000000014,0.35311288741492747,0.8044003745317531
-2.23,2.3200000000000003,0.4,0.7776472678623425
-2.23,2.4700000000000006,0.37720018726587656,0.8360022573334676
-2.2800000000000002,2.5200000000000014,0.4109772228646444,0.8044003745317531
-2.2800000000000002,2.8200000000000003,0.4,0.9117692030835672
-2.33,2.870000000000001,0.4424428900898052,0.8719544457292887
-2.33,3.0700000000000003,0.4,0.92082439194738
-2.38,3.120000000000001,0.45,0.8840770846134703
-2.38,3.8200000000000003,0.45,1.0106601717798214
-2.43,3.870000000000001,0.5,0.969803902718557
-2.43,4.020000000000001,0.5022680508593631,1.0
-2.38,4.07,0.45990195135927847,1.05
-2.38,4.32,0.5352349955359813,1.05
-2.33,4.370000000000001,0.5090169943749475,1.1
-2.33,4.42,0.53309518948453,1.1
-2.2800000000000002,4.470000000000001,0.520087712549569,1.1500000000000001
-2.2800000000000002,4.520000000000001,0.5520797289396148,1.1384864324004713
-2.23,4.57,0.53309518948453,1.1757650672131263
-2.23,4.620000000000001,0.5603277807866851,1.166552506059644
-2.18,4.67,0.5520797289396148,1.2000000000000002
-2.18,4.720000000000001,0.5764982043070834,1.1849089035228468
-2.13,4.770000000000001,0.5603277807866851,1.214911064067352
-2.13,4.82,0.5903124237432849,1.2000000000000002
-2.0300000000000002,4.92,0.5863961030678928,1.2624404748406688
-2.0300000000000002,4.970000000000001,0.6226812023536855,1.2480754985747171
-1.73,5.270000000000001,0.6882411530116701,1.3721462653327894
-1.63,5.270000000000001,0.6446221994724902,1.3930869689661813
-1.58,5.32,0.6658910531638177,1.3580127840328724
-1.5300000000000002,5.32,0.6446221994724902,1.3730249470757707
-1.48,5.370000000000001,0.6658910531638177,1.342838827718412
-1.4300000000000002,5.370000000000001,0.646419413859206,1.3615594213493105
-1.38,5.42,0.6780109889280519,1.3365424623862048
-1.2799999999999998,5.42,0.646419413859206,1.3817821063276354
-1.23,5.470000000000001,0.6780109889280519,1.3589002803605372
-1.08,5.470000000000001,0.65178344238091,1.434082207965583
-1.0299999999999998,5.520000000000001,0.7000000000000001,1.4034441853748634
