# time_s,x_m,y_m,psi_rad,delta_rad,vx_mps,ax_mps2
0.000000,-0.852928,5.125907,-0.046640,-0.263044,3.355342,0.788960
0.010000,-0.804113,5.122728,-0.086490,-0.263896,3.369010,0.681385
0.020000,-0.755507,5.117565,-0.125833,-0.262246,3.380675,0.678269
0.030000,-0.707161,5.110476,-0.164604,-0.258586,3.391113,0.757617
0.040000,-0.659129,5.101519,-0.202740,-0.253405,3.401099,0.897436
0.050000,-0.611465,5.090752,-0.240178,-0.247197,3.411411,1.075733
0.060000,-0.564220,5.078233,-0.276854,-0.240452,3.422823,1.270514
0.070000,-0.517449,5.064020,-0.312706,-0.233661,3.436112,1.459786
0.080000,-0.471204,5.048171,-0.347670,-0.227317,3.452054,1.621556
0.090000,-0.425535,5.030744,-0.381692,-0.221810,3.471256,1.738505
0.100000,-0.380480,5.011795,-0.414783,-0.216920,3.493277,1.822197
0.110000,-0.336066,4.991384,-0.446976,-0.212190,3.517279,1.895214
0.120000,-0.292326,4.969568,-0.478303,-0.207166,3.542421,1.980162
0.130000,-0.249286,4.946405,-0.508801,-0.201477,3.567975,2.095496
0.140000,-0.206967,4.921951,-0.538519,-0.195433,3.594059,2.227526
0.150000,-0.165382,4.896263,-0.567516,-0.189661,3.621193,2.347541
0.160000,-0.124545,4.869397,-0.595850,-0.184789,3.649896,2.426748
0.170000,-0.084470,4.841408,-0.623577,-0.181360,3.680595,2.440365
0.180000,-0.045174,4.812339,-0.650736,-0.179083,3.712794,2.403147
0.190000,-0.006673,4.782225,-0.677356,-0.177195,3.745473,2.352332
0.200000,0.031017,4.751102,-0.703465,-0.174924,3.777605,2.325415
0.210000,0.067880,4.719006,-0.729091,-0.171564,3.808252,2.356782
0.220000,0.103910,4.685978,-0.754231,-0.167203,3.837586,2.441224
0.230000,0.139107,4.652061,-0.778864,-0.162476,3.866547,2.546248
0.240000,0.173473,4.617299,-0.802967,-0.158029,3.896088,2.638822
0.250000,0.207007,4.581735,-0.826521,-0.154477,3.927111,2.687698
0.260000,0.239709,4.545406,-0.849539,-0.151852,3.959627,2.691728
0.270000,0.271576,4.508342,-0.872067,-0.149704,3.992911,2.674810
0.280000,0.302606,4.470575,-0.894149,-0.147572,4.026212,2.661605
0.290000,0.332797,4.432134,-0.915828,-0.145007,4.058806,2.675939
0.300000,0.362151,4.393051,-0.937116,-0.141916,4.090564,2.722380
0.310000,0.390674,4.353356,-0.957995,-0.138561,4.121954,2.786176
0.320000,0.418374,4.313081,-0.978446,-0.135223,4.153469,2.851726
0.330000,0.445256,4.272256,-0.998448,-0.132173,4.185593,2.903752
0.340000,0.471327,4.230910,-1.018000,-0.129497,4.218478,2.937626
0.350000,0.496595,4.189068,-1.037125,-0.127052,4.251871,2.961604
0.360000,0.521066,4.146754,-1.055845,-0.124683,4.285497,2.984714
0.370000,0.544747,4.103993,-1.074183,-0.122237,4.319083,3.015882
0.380000,0.567646,4.060810,-1.092150,-0.119645,4.352525,3.058852
0.390000,0.589773,4.017225,-1.109742,-0.116972,4.385960,3.109797
0.400000,0.611140,3.973262,-1.126953,-0.114289,4.419544,3.164290
0.410000,0.631756,3.928942,-1.143775,-0.111670,4.453436,3.217926
0.420000,0.651633,3.884286,-1.160209,-0.109151,4.487720,3.268393
0.430000,0.670782,3.839313,-1.176264,-0.106711,4.522356,3.317079
0.440000,0.689215,3.794041,-1.191952,-0.104322,4.557291,3.365754
0.450000,0.706943,3.748489,-1.207284,-0.101954,4.592471,3.416183
0.460000,0.723979,3.702673,-1.222267,-0.099590,4.627868,3.469407
0.470000,0.740335,3.656611,-1.236898,-0.097239,4.663504,3.524916
0.480000,0.756024,3.610317,-1.251173,-0.094910,4.699405,3.581996
0.490000,0.771058,3.563806,-1.265089,-0.092616,4.735600,3.639934
0.500000,0.785451,3.517093,-1.278649,-0.090363,4.772109,3.698247
0.510000,0.799215,3.470190,-1.291883,-0.088149,4.808931,3.757065
0.520000,0.812364,3.423112,-1.304820,-0.085969,4.846059,3.816618
0.530000,0.824911,3.375869,-1.317492,-0.083820,4.883490,3.877133
0.540000,0.836868,3.328474,-1.329906,-0.081699,4.921220,3.938801
0.550000,0.848250,3.280937,-1.341985,-0.079606,4.959252,4.001679
0.560000,0.859069,3.233269,-1.353640,-0.077541,4.997592,4.065800
0.570000,0.869339,3.185479,-1.364777,-0.075506,5.036243,4.131197
0.580000,0.879073,3.137578,-1.375380,-0.073501,5.075211,4.197872
0.590000,0.888283,3.089573,-1.385735,-0.071523,5.114501,4.265712
0.600000,0.896983,3.041473,-1.396204,-0.069569,5.154117,4.334574
0.610000,0.905186,2.993286,-1.407149,-0.067637,5.194064,4.404315
0.620000,0.912905,2.945018,-1.418706,-0.065725,5.234345,4.474952
0.630000,0.920153,2.896678,-1.429894,-0.063835,5.274962,4.547306
0.640000,0.926943,2.848272,-1.439380,-0.061971,5.315914,4.622451
0.650000,0.933287,2.799804,-1.445833,-0.060137,5.357200,4.701457
0.660000,0.939199,2.751283,-1.448575,-0.058334,5.398824,4.784881
0.670000,0.944691,2.702712,-1.451022,-0.056552,5.440811,4.870060
0.680000,0.949775,2.654096,-1.458156,-0.054777,5.483198,4.953094
0.690000,0.954464,2.605441,-1.474966,-0.052993,5.526021,5.030081
0.700000,0.958771,2.556750,-1.504553,-0.051189,5.569303,5.097342
0.710000,0.962709,2.508028,-1.535281,-0.049374,5.612984,5.152922
0.720000,0.966289,2.459279,-1.548580,-0.047564,5.656963,5.195679
0.730000,0.969526,2.410505,-1.525843,-0.045779,5.701137,5.224479
0.740000,0.972431,2.361711,-1.453737,-0.044035,5.745405,5.238538
0.750000,0.975018,2.312899,-1.371355,-0.042325,5.789648,5.240614
0.760000,0.977299,2.264071,-1.347799,-0.040633,5.833744,5.235485
0.770000,0.979285,2.215231,-1.452526,-0.038939,5.877568,5.227954
0.780000,0.980990,2.166380,-1.740666,-0.037226,5.921002,5.222559
0.790000,0.982425,2.117520,-2.083250,-0.035491,5.964022,5.220427
0.800000,0.983603,2.068653,-2.223634,-0.033739,6.006671,5.220318
0.810000,0.984537,2.019782,-1.902608,-0.031976,6.048989,5.220944
0.820000,0.985240,1.970906,-0.881357,-0.030208,6.091017,5.221070
0.830000,0.985724,1.922028,0.731340,-0.028433,6.132773,5.220306
0.840000,0.986002,1.873148,2.535607,-0.026646,6.174254,5.218975
0.850000,0.986087,1.824267,-2.160599,-0.024839,6.215455,5.217423
0.860000,0.985993,1.775386,-1.186156,-0.023005,6.256373,5.215986
0.870000,0.985733,1.726507,-0.900912,-0.021099,6.297010,5.214790
0.880000,0.985322,1.677628,-1.059863,-0.019040,6.337374,5.213752
0.890000,0.984776,1.628750,-1.403772,-0.016744,6.377472,5.212781
0.900000,0.984110,1.579874,-1.677603,-0.014134,6.417312,5.211786
0.910000,0.983341,1.531000,-1.767950,-0.011264,6.456900,5.210725
0.920000,0.982490,1.482126,-1.733847,-0.008355,6.496240,5.209621
0.930000,0.981576,1.433254,-1.644758,-0.005636,6.535335,5.208497
0.940000,0.980620,1.384383,-1.569500,-0.003334,6.574189,5.207378
0.950000,0.979639,1.335512,-1.543138,-0.001566,6.612807,5.206278
0.960000,0.978641,1.286641,-1.551106,-0.000287,6.651192,5.205189
0.970000,0.977636,1.237771,-1.574865,0.000562,6.689348,5.204107
0.980000,0.976632,1.188900,-1.595964,0.001041,6.727280,5.203024
0.990000,0.975637,1.140030,-1.603859,0.001221,6.764992,5.201936
1.000000,0.974649,1.091159,-1.602103,0.001201,6.802487,5.200845
1.010000,0.973669,1.042288,-1.595699,0.001080,6.839769,5.199753
1.020000,0.972696,0.993417,-1.589645,0.000958,6.876841,5.198662
1.030000,0.971731,0.944546,-1.587101,0.000900,6.913706,5.197573
1.040000,0.970772,0.895675,-1.587247,0.000890,6.950368,5.196485
1.050000,0.969821,0.846803,-1.588740,0.000904,6.986830,5.195396
1.060000,0.968876,0.797932,-1.590237,0.000916,7.023095,5.194306
1.070000,0.967938,0.749060,-1.590812,0.000910,7.059167,5.193213
1.080000,0.967006,0.700188,-1.590644,0.000891,7.095047,5.192122
1.090000,0.966081,0.651317,-1.590092,0.000867,7.130739,5.191034
1.100000,0.965161,0.602444,-1.589515,0.000845,7.166247,5.189954
1.110000,0.964248,0.553572,-1.589182,0.000832,7.201571,5.188881
1.120000,0.963341,0.504700,-1.589057,0.000826,7.236716,5.187807
1.130000,0.962440,0.455828,-1.589045,0.000820,7.271684,5.186718
1.140000,0.961545,0.406955,-1.589048,0.000813,7.306478,5.185605
1.150000,0.960656,0.358083,-1.588990,0.000800,7.341099,5.184463
1.160000,0.959773,0.309210,-1.588876,0.000783,7.375551,5.183328
1.170000,0.958895,0.260337,-1.588733,0.000764,7.409835,5.182242
1.180000,0.958023,0.211464,-1.588588,0.000745,7.443953,5.181247
1.190000,0.957156,0.162591,-1.588460,0.000729,7.477908,5.180361
1.200000,0.956294,0.113718,-1.588351,0.000714,7.511703,5.179464
1.210000,0.955438,0.064845,-1.588253,0.000702,7.545340,5.178398
1.220000,0.954587,0.015972,-1.588159,0.000692,7.578823,5.177001
1.230000,0.953741,-0.032902,-1.588062,0.000684,7.612153,5.175193
1.240000,0.952899,-0.081775,-1.587962,0.000677,7.645331,5.173379
1.250000,0.952063,-0.130649,-1.587860,0.000672,7.678356,5.172159
1.260000,0.951231,-0.179522,-1.587758,0.000669,7.711227,5.172129
1.270000,0.950405,-0.228396,-1.587658,0.000666,7.743944,5.173663
1.280000,0.949583,-0.277270,-1.587559,0.000664,7.776515,5.175372
1.290000,0.948766,-0.326144,-1.587461,0.000661,7.808954,5.175029
1.300000,0.947954,-0.375018,-1.587365,0.000657,7.841272,5.170403
1.310000,0.947146,-0.423892,-1.587269,0.000650,7.873481,5.159890
1.320000,0.946344,-0.472766,-1.587174,0.000641,7.905558,5.148158
1.330000,0.945545,-0.521640,-1.587079,0.000631,7.937465,5.143487
1.340000,0.944752,-0.570514,-1.586986,0.000621,7.969161,5.154204
1.350000,0.943963,-0.619389,-1.586894,0.000612,8.000615,5.186935
1.360000,0.943178,-0.668263,-1.586804,0.000605,8.031905,5.226294
1.370000,0.942398,-0.717138,-1.586714,0.000602,8.063186,5.241523
1.380000,0.941622,-0.766012,-1.586624,0.000602,8.094611,5.201552
1.390000,0.940851,-0.814887,-1.586534,0.000608,8.126316,5.079740
1.400000,0.940084,-0.863762,-1.586443,0.000618,8.158054,4.925734
1.410000,0.939321,-0.912636,-1.586350,0.000632,8.189264,4.853478
1.420000,0.938563,-0.961511,-1.586255,0.000648,8.219373,4.978930
1.430000,0.937810,-1.010386,-1.586158,0.000667,8.247863,5.407032
1.440000,0.937061,-1.059261,-1.586058,0.000687,8.275506,5.981921
1.450000,0.936318,-1.108136,-1.585955,0.000707,8.304388,6.282700
1.460000,0.935580,-1.157011,-1.585848,0.000728,8.336653,5.876614
1.470000,0.934846,-1.205887,-1.585739,0.000749,8.374318,4.343839
1.480000,0.934119,-1.254762,-1.585627,0.000769,8.415047,1.707160
1.490000,0.933397,-1.303637,-1.585511,0.000789,8.451170,-1.468298
1.500000,0.932680,-1.352513,-1.585393,0.000808,8.474691,-4.584268
1.510000,0.931970,-1.401388,-1.585272,0.000826,8.477714,-7.048571
1.520000,0.931265,-1.450264,-1.585149,0.000844,8.457666,-8.592859
1.530000,0.930567,-1.499140,-1.585021,0.000867,8.419851,-9.428104
1.540000,0.929875,-1.548015,-1.584889,0.000896,8.370209,-9.803978
1.550000,0.929189,-1.596891,-1.584751,0.000936,8.314660,-9.969138
1.560000,0.928511,-1.645767,-1.584609,0.000984,8.257188,-10.078501
1.570000,0.927839,-1.694643,-1.584462,0.001029,8.198305,-10.118804
1.580000,0.927174,-1.743520,-1.584313,0.001056,8.138161,-10.059265
1.590000,0.926517,-1.792396,-1.584163,0.001054,8.076907,-9.869241
1.600000,0.925867,-1.841272,-1.584027,0.000966,8.014933,-9.545148
1.610000,0.925221,-1.890149,-1.583951,0.000644,7.953147,-9.142520
1.620000,0.924576,-1.939025,-1.583984,-0.000073,7.892525,-8.724705
1.630000,0.923928,-1.987902,-1.584175,-0.001343,7.834045,-8.355011
1.640000,0.923271,-2.036778,-1.584569,-0.003219,7.778298,-8.074668
1.650000,0.922591,-2.085654,-1.585200,-0.005463,7.724849,-7.865781
1.660000,0.921871,-2.134529,-1.586101,-0.007789,7.673093,-7.700661
1.670000,0.921094,-2.183404,-1.587305,-0.009911,7.622422,-7.551623
1.680000,0.920247,-2.232277,-1.588828,-0.011626,7.572368,-7.397583
1.690000,0.919317,-2.281149,-1.590634,-0.013008,7.522906,-7.239263
1.700000,0.918295,-2.330019,-1.592676,-0.014187,7.474109,-7.081876
1.710000,0.917172,-2.378886,-1.594906,-0.015293,7.426044,-6.930637
1.720000,0.915937,-2.427751,-1.597286,-0.016431,7.378761,-6.789772
1.730000,0.914583,-2.476613,-1.599815,-0.017604,7.332221,-6.659476
1.740000,0.913100,-2.525471,-1.602503,-0.018787,7.286365,-6.538909
1.750000,0.911482,-2.574325,-1.605359,-0.019957,7.241132,-6.427233
1.760000,0.909719,-2.623174,-1.608389,-0.021092,7.196463,-6.323578
1.770000,0.907804,-2.672018,-1.611590,-0.022188,7.152308,-6.226911
1.780000,0.905729,-2.720855,-1.614954,-0.023247,7.108620,-6.136148
1.790000,0.903485,-2.769685,-1.618473,-0.024269,7.065353,-6.050203
1.800000,0.901067,-2.818506,-1.622141,-0.025256,7.022461,-5.968144
1.810000,0.898465,-2.867318,-1.625953,-0.026214,6.979919,-5.890001
1.820000,0.895675,-2.916120,-1.629907,-0.027149,6.937708,-5.816182
1.830000,0.892687,-2.964910,-1.633998,-0.028069,6.895808,-5.747090
1.840000,0.889498,-3.013687,-1.638225,-0.028979,6.854200,-5.683115
1.850000,0.886098,-3.062451,-1.642585,-0.029880,6.812854,-5.624487
1.860000,0.882483,-3.111199,-1.647076,-0.030769,6.771738,-5.571366
1.870000,0.878646,-3.159930,-1.651697,-0.031640,6.730818,-5.523908
1.880000,0.874581,-3.208642,-1.656446,-0.032492,6.690059,-5.482170
1.890000,0.870281,-3.257335,-1.661320,-0.033322,6.649423,-5.445163
1.900000,0.865740,-3.306006,-1.666315,-0.034127,6.608868,-5.411294
1.910000,0.860954,-3.354653,-1.671428,-0.034906,6.568351,-5.378964
1.920000,0.855917,-3.403275,-1.676654,-0.035657,6.527833,-5.346637
1.930000,0.850622,-3.451870,-1.681991,-0.036386,6.487298,-5.313655
1.940000,0.845066,-3.500436,-1.687439,-0.037106,6.446751,-5.279969
1.950000,0.839243,-3.548970,-1.692995,-0.037828,6.406197,-5.245546
1.960000,0.833147,-3.597470,-1.698659,-0.038565,6.365639,-5.210371
1.970000,0.826775,-3.645935,-1.704433,-0.039323,6.325084,-5.174749
1.980000,0.820120,-3.694362,-1.710319,-0.040103,6.284537,-5.139265
1.990000,0.813177,-3.742748,-1.716323,-0.040906,6.244006,-5.104509
2.000000,0.805941,-3.791091,-1.722448,-0.041733,6.203497,-5.071024
2.010000,0.798406,-3.839388,-1.728696,-0.042583,6.163006,-5.038242
2.020000,0.790567,-3.887637,-1.735071,-0.043450,6.122521,-5.004450
2.030000,0.782417,-3.935834,-1.741575,-0.044330,6.082028,-4.967889
2.040000,0.773950,-3.983976,-1.748210,-0.045218,6.041516,-4.926834
2.050000,0.765161,-4.032060,-1.754980,-0.046119,6.000996,-4.880892
2.060000,0.756043,-4.080083,-1.761890,-0.047049,5.960515,-4.831312
2.070000,0.746590,-4.128040,-1.768945,-0.048024,5.920117,-4.779442
2.080000,0.736796,-4.175929,-1.776150,-0.049062,5.879851,-4.726629
2.090000,0.726654,-4.223745,-1.783510,-0.050169,5.839745,-4.673970
2.100000,0.716156,-4.271484,-1.791036,-0.051334,5.799807,-4.622191
2.110000,0.705295,-4.319142,-1.798735,-0.052547,5.760041,-4.571993
2.120000,0.694063,-4.366713,-1.806617,-0.053796,5.720452,-4.524064
2.130000,0.682452,-4.414194,-1.814687,-0.055072,5.681036,-4.478340
2.140000,0.670454,-4.461578,-1.822947,-0.056366,5.641772,-4.433394
2.150000,0.658060,-4.508860,-1.831401,-0.057672,5.602639,-4.387655
2.160000,0.645262,-4.556034,-1.840048,-0.058982,5.563616,-4.339556
2.170000,0.632052,-4.603094,-1.848892,-0.060296,5.524697,-4.288301
2.180000,0.618422,-4.650035,-1.857937,-0.061630,5.485914,-4.234786
2.190000,0.604363,-4.696848,-1.867188,-0.063001,5.447301,-4.180133
2.200000,0.589866,-4.743528,-1.876648,-0.064426,5.408894,-4.125465
2.210000,0.574925,-4.790067,-1.886323,-0.065915,5.370720,-4.071503
2.220000,0.559528,-4.836458,-1.896220,-0.067461,5.332778,-4.017892
2.230000,0.543668,-4.882692,-1.906347,-0.069051,5.295066,-3.964096
2.240000,0.527335,-4.928761,-1.916712,-0.070675,5.257579,-3.909580
2.250000,0.510519,-4.974657,-1.927322,-0.072323,5.220318,-3.853999
2.260000,0.493212,-5.020370,-1.938181,-0.074001,5.183297,-3.797637
2.270000,0.475403,-5.065889,-1.949296,-0.075715,5.146533,-3.740913
2.280000,0.457084,-5.111206,-1.960670,-0.077470,5.110042,-3.684241
2.290000,0.438244,-5.156309,-1.972309,-0.079273,5.073840,-3.628020
2.300000,0.418875,-5.201188,-1.984219,-0.081120,5.037930,-3.572571
2.310000,0.398967,-5.245829,-1.996406,-0.083006,5.002314,-3.518195
2.320000,0.378509,-5.290222,-2.008876,-0.084928,4.966995,-3.465195
2.330000,0.357494,-5.334354,-2.021635,-0.086880,4.931972,-3.413742
2.340000,0.335910,-5.378210,-2.034687,-0.088858,4.897238,-3.363357
2.350000,0.313750,-5.421778,-2.048035,-0.090859,4.862781,-3.313350
2.360000,0.291003,-5.465043,-2.061682,-0.092879,4.828589,-3.263032
2.370000,0.267661,-5.507991,-2.075633,-0.094914,4.794655,-3.211892
2.380000,0.243716,-5.550605,-2.089891,-0.096970,4.760987,-3.160548
2.390000,0.219159,-5.592869,-2.104461,-0.099058,4.727605,-3.110063
2.400000,0.193983,-5.634766,-2.119348,-0.101184,4.694524,-3.061499
2.410000,0.168179,-5.676281,-2.134557,-0.103357,4.661759,-3.015862
2.420000,0.141740,-5.717394,-2.150091,-0.105571,4.629297,-2.973702
2.430000,0.114659,-5.758087,-2.165956,-0.107813,4.597108,-2.935348
2.440000,0.086929,-5.798339,-2.182155,-0.110071,4.565166,-2.901126
2.450000,0.058544,-5.838133,-2.198692,-0.112332,4.533441,-2.871096
2.460000,0.029499,-5.877447,-2.215564,-0.114583,4.501893,-2.842575
2.470000,-0.000212,-5.916261,-2.232767,-0.116808,4.470472,-2.811282
2.480000,-0.030592,-5.954552,-2.250294,-0.118995,4.439130,-2.772914
2.490000,-0.061645,-5.992300,-2.268143,-0.121133,4.407827,-2.723672
2.500000,-0.093375,-6.029482,-2.286325,-0.123277,4.376633,-2.666423
2.510000,-0.125782,-6.066074,-2.304868,-0.125527,4.345700,-2.608741
2.520000,-0.158869,-6.102053,-2.323797,-0.127982,4.315179,-2.558304
2.530000,-0.192637,-6.137394,-2.343137,-0.130734,4.285214,-2.522515
2.540000,-0.227087,-6.172071,-2.362883,-0.133695,4.255764,-2.503986
2.550000,-0.262219,-6.206056,-2.383008,-0.136630,4.226630,-2.501235
2.560000,-0.298033,-6.239320,-2.403485,-0.139297,4.197610,-2.512651
2.570000,-0.334530,-6.271835,-2.424284,-0.141465,4.168503,-2.536476
2.580000,-0.371704,-6.303573,-2.445394,-0.143151,4.139130,-2.567454
2.590000,-0.409545,-6.334513,-2.466816,-0.144631,4.109330,-2.596720
2.600000,-0.448045,-6.364629,-2.488552,-0.146188,4.078948,-2.615249
2.610000,-0.487192,-6.393899,-2.510605,-0.148104,4.047831,-2.614335
2.620000,-0.526977,-6.422296,-2.532966,-0.150413,4.016027,-2.596665
2.630000,-0.567389,-6.449792,-2.555618,-0.152850,3.983830,-2.579060
2.640000,-0.608415,-6.476361,-2.578541,-0.155131,3.951553,-2.579222
2.650000,-0.650045,-6.501972,-2.601716,-0.156977,3.919497,-2.614481
2.660000,-0.692263,-6.526602,-2.625138,-0.158346,3.887612,-2.681682
2.670000,-0.735051,-6.550227,-2.648823,-0.159556,3.855310,-2.746944
2.680000,-0.778390,-6.572826,-2.672788,-0.160956,3.821962,-2.773860
2.690000,-0.822260,-6.594378,-2.697051,-0.162892,3.786944,-2.726289
2.700000,-0.866642,-6.614854,-2.721678,-0.165627,3.750286,-2.593619
2.710000,-0.911520,-6.634216,-2.746827,-0.169273,3.713213,-2.411661
2.720000,-0.956879,-6.652424,-2.772662,-0.173927,3.677070,-2.221146
2.730000,-1.002701,-6.669439,-2.799348,-0.179683,3.643203,-2.062706
2.740000,-1.048969,-6.685214,-2.826999,-0.186449,3.612339,-1.956924
2.750000,-1.095658,-6.699689,-2.855611,-0.193718,3.583830,-1.879967
2.760000,-1.142746,-6.712802,-2.885167,-0.200928,3.556848,-1.802036
2.770000,-1.190207,-6.724489,-2.915648,-0.207517,3.530564,-1.693357
2.780000,-1.238013,-6.734691,-2.947041,-0.213173,3.504542,-1.537718
2.790000,-1.286120,-6.743360,-2.979349,-0.218262,3.479422,-1.355752
2.800000,-1.334485,-6.750448,-3.012575,-0.223264,3.456025,-1.174287
2.810000,-1.383061,-6.755908,-3.046723,-0.228660,3.435170,-1.020151
2.820000,-1.431799,-6.759690,-3.081802,-0.234769,3.417373,-0.912353
2.830000,-1.480640,-6.761742,-3.117837,-0.241369,3.402126,-0.843711
2.840000,-1.529518,-6.762011,3.128332,-0.248126,3.388709,-0.801562
2.850000,-1.578370,-6.760443,3.090305,-0.254704,3.376402,-0.773243
2.860000,-1.627130,-6.756993,3.051302,-0.260711,3.364597,-0.746274
2.870000,-1.675719,-6.751638,3.011612,-0.265511,3.353153,-0.708918
2.880000,-1.724054,-6.744365,2.971591,-0.268408,3.342050,-0.649635
2.890000,-1.772054,-6.735161,2.931595,-0.268703,3.331271,-0.556882
2.900000,-1.819638,-6.724017,2.891892,-0.266086,3.320886,-0.424404
2.910000,-1.866734,-6.710960,2.852299,-0.262250,3.311437,-0.273163
2.920000,-1.913274,-6.696026,2.812490,-0.259526,3.303617,-0.132863
2.930000,-1.959189,-6.679254,2.772138,-0.260248,3.298119,-0.033210
2.940000,-2.004406,-6.660674,2.730958,-0.266213,3.295453,0.002505
2.950000,-2.048825,-6.640277,2.688943,-0.275784,3.294970,-0.007829
2.960000,-2.092340,-6.618039,2.646196,-0.285966,3.295558,-0.030049
2.970000,-2.134843,-6.593937,2.602818,-0.293762,3.296107,-0.029952
2.980000,-2.176227,-6.567954,2.558935,-0.296525,3.295665,0.023078
2.990000,-2.216420,-6.540142,2.514854,-0.294459,3.294563,0.130696
3.000000,-2.255360,-6.510587,2.470976,-0.289145,3.293752,0.280557
3.010000,-2.292986,-6.479375,2.427697,-0.282170,3.294190,0.460228
3.020000,-2.329242,-6.446591,2.385390,-0.275034,3.296788,0.657231
3.030000,-2.364094,-6.412323,2.344159,-0.268294,3.301998,0.858677
3.040000,-2.397523,-6.376664,2.303949,-0.261955,3.310003,1.051433
3.050000,-2.429513,-6.339704,2.264703,-0.256017,3.320983,1.222361
3.060000,-2.460044,-6.301534,2.226363,-0.250475,3.335082,1.359208
3.070000,-2.489106,-6.262236,2.188874,-0.245310,3.352008,1.461499
3.080000,-2.516692,-6.221886,2.152180,-0.240487,3.371153,1.537143
3.090000,-2.542795,-6.180558,2.116224,-0.235973,3.391904,1.594228
3.100000,-2.567410,-6.138329,2.080952,-0.231733,3.413661,1.640639
3.110000,-2.590533,-6.095267,2.046323,-0.227729,3.436088,1.680610
3.120000,-2.612166,-6.051436,2.012310,-0.223917,3.459071,1.715245
3.130000,-2.632310,-6.006900,1.978887,-0.220251,3.482506,1.745541
3.140000,-2.650967,-5.961721,1.946029,-0.216687,3.506289,1.772554
3.150000,-2.668141,-5.915960,1.913727,-0.213165,3.530346,1.798675
3.160000,-2.683843,-5.869672,1.881992,-0.209608,3.554633,1.827684
3.170000,-2.698084,-5.822913,1.850838,-0.205937,3.579109,1.863425
3.180000,-2.710873,-5.775736,1.820276,-0.202078,3.603736,1.909619
3.190000,-2.722225,-5.728195,1.790309,-0.198046,3.628559,1.965589
3.200000,-2.732161,-5.680337,1.760929,-0.193972,3.653732,2.025166
3.210000,-2.740702,-5.632208,1.732127,-0.189992,3.679418,2.081833
3.220000,-2.747869,-5.583857,1.703893,-0.186242,3.705774,2.129167
3.230000,-2.753684,-5.535325,1.676221,-0.182751,3.732828,2.165880
3.240000,-2.758168,-5.486652,1.649107,-0.179390,3.760409,2.198436
3.250000,-2.761345,-5.437876,1.622547,-0.176017,3.788331,2.233945
3.260000,-2.763238,-5.389032,1.596536,-0.172490,3.816407,2.279481
3.270000,-2.763870,-5.340158,1.571079,-0.168735,3.844576,2.338663
3.280000,-2.763271,-5.291282,1.546192,-0.164804,3.872997,2.408791
3.290000,-2.761472,-5.242434,1.521891,-0.160762,3.901857,2.486489
3.300000,-2.758502,-5.193644,1.498194,-0.156673,3.931340,2.568389
3.310000,-2.754391,-5.144938,1.475117,-0.152573,3.961579,2.652787
3.320000,-2.749174,-5.096338,1.452672,-0.148431,3.992590,2.741694
3.330000,-2.742883,-5.047863,1.430870,-0.144210,4.024371,2.837623
3.340000,-2.735552,-4.999535,1.409721,-0.139870,4.056924,2.943085
3.350000,-2.727216,-4.951372,1.389238,-0.135390,4.090275,3.059420
3.360000,-2.717911,-4.903386,1.369432,-0.130795,4.124524,3.184760
3.370000,-2.707674,-4.855589,1.350313,-0.126119,4.159784,3.316695
3.380000,-2.696542,-4.807992,1.331894,-0.121394,4.196170,3.452815
3.390000,-2.684552,-4.760605,1.314184,-0.116644,4.233770,3.592133
3.400000,-2.671742,-4.713434,1.297192,-0.111862,4.272591,3.738461
3.410000,-2.658149,-4.666480,1.280924,-0.107032,4.312625,3.896626
3.420000,-2.643811,-4.619749,1.265386,-0.102141,4.353862,4.071454
3.430000,-2.628766,-4.573242,1.250586,-0.097179,4.396323,4.264869
3.440000,-2.613052,-4.526957,1.236530,-0.092160,4.440161,4.466665
3.450000,-2.596705,-4.480891,1.223226,-0.087101,4.485562,4.663467
3.460000,-2.579765,-4.435040,1.210680,-0.082021,4.532711,4.841900
3.470000,-2.562269,-4.389400,1.198894,-0.076949,4.581722,4.990386
3.480000,-2.544252,-4.343965,1.187845,-0.071960,4.632327,5.106693
3.490000,-2.525748,-4.298724,1.177499,-0.067149,4.684134,5.191608
3.500000,-2.506794,-4.253672,1.167826,-0.062608,4.736754,5.245918
3.510000,-2.487421,-4.208798,1.158793,-0.058413,4.789806,5.271226
3.520000,-2.467659,-4.164095,1.150370,-0.054519,4.842977,5.274399
3.530000,-2.447535,-4.119553,1.142531,-0.050835,4.895980,5.264397
3.540000,-2.427072,-4.075165,1.135247,-0.047267,4.948529,5.250188
3.550000,-2.406299,-4.030922,1.128493,-0.043730,5.000368,5.239971
3.560000,-2.385239,-3.986813,1.122270,-0.040174,5.051469,5.235721
3.570000,-2.363918,-3.942830,1.116588,-0.036569,5.101921,5.236376
3.580000,-2.342359,-3.898963,1.111460,-0.032887,5.151811,5.240858
3.590000,-2.320587,-3.855202,1.106897,-0.029103,5.201225,5.247884
3.600000,-2.298627,-3.811536,1.102895,-0.025260,5.250211,5.254068
3.610000,-2.276504,-3.767952,1.099443,-0.021437,5.298797,5.254777
3.620000,-2.254242,-3.724438,1.096530,-0.017715,5.347010,5.245364
3.630000,-2.231866,-3.680983,1.094144,-0.014170,5.394872,5.222182
3.640000,-2.209398,-3.637575,1.092271,-0.010804,5.442323,5.195044
3.650000,-2.186860,-3.594203,1.090896,-0.007568,5.489241,5.183413
3.660000,-2.164272,-3.550857,1.090003,-0.004412,5.535506,5.206957
3.670000,-2.141655,-3.507524,1.089580,-0.001287,5.581014,5.282671
3.680000,-2.119030,-3.464195,1.089619,0.001834,5.625993,5.379471
3.690000,-2.096416,-3.420860,1.090123,0.004957,5.670955,5.424692
3.700000,-2.073835,-3.377507,1.091096,0.008087,5.716422,5.344299
3.710000,-2.051305,-3.334127,1.092539,0.011232,5.762871,5.064569
3.720000,-2.028848,-3.290710,1.094449,0.014372,5.809634,4.519566
3.730000,-2.006483,-3.247245,1.096813,0.017469,5.854857,3.651469
3.740000,-1.984230,-3.203723,1.099619,0.020483,5.896624,2.402839
3.750000,-1.962109,-3.160133,1.102854,0.023372,5.933002,0.720858
3.760000,-1.940139,-3.116465,1.106507,0.026129,5.961238,-1.280110
3.770000,-1.918337,-3.072713,1.110564,0.028781,5.977551,-3.275471
3.780000,-1.896721,-3.028869,1.115013,0.031360,5.978093,-4.927256
3.790000,-1.875309,-2.984924,1.119839,0.033897,5.959094,-5.901604
3.800000,-1.854117,-2.940871,1.125040,0.036425,5.920986,-6.098201
3.810000,-1.833163,-2.896705,1.130625,0.038979,5.870594,-5.771632
3.820000,-1.812466,-2.852418,1.136605,0.041595,5.815278,-5.206194
3.830000,-1.792042,-2.808005,1.142990,0.044306,5.762367,-4.685002
3.840000,-1.771910,-2.763458,1.149787,0.047121,5.716114,-4.372281
3.850000,-1.752091,-2.718772,1.156997,0.049994,5.675105,-4.213136
3.860000,-1.732603,-2.673941,1.164621,0.052875,5.637313,-4.129070
3.870000,-1.713468,-2.628959,1.172659,0.055712,5.600715,-4.041712
3.880000,-1.694705,-2.583820,1.181112,0.058480,5.564018,-3.900215
3.890000,-1.676334,-2.538520,1.189976,0.061201,5.527562,-3.715566
3.900000,-1.658375,-2.493056,1.199251,0.063908,5.491911,-3.507185
3.910000,-1.640847,-2.447424,1.208934,0.066631,5.457629,-3.294481
3.920000,-1.623771,-2.401620,1.219026,0.069397,5.425130,-3.089836
3.930000,-1.607168,-2.355644,1.229533,0.072214,5.394412,-2.886273
3.940000,-1.591058,-2.309493,1.240463,0.075086,5.365402,-2.673507
3.950000,-1.575465,-2.263165,1.251824,0.078021,5.338027,-2.441257
3.960000,-1.560408,-2.216660,1.263627,0.081029,5.312286,-2.181559
3.970000,-1.545913,-2.169977,1.275892,0.084143,5.288422,-1.894331
3.980000,-1.532004,-2.123117,1.288641,0.087398,5.266727,-1.581168
3.990000,-1.518704,-2.076081,1.301895,0.090832,5.247494,-1.243664
4.000000,-1.506041,-2.028868,1.315681,0.094477,5.231009,-0.889232
4.010000,-1.494043,-1.981483,1.330037,0.098349,5.217517,-0.549796
4.020000,-1.482743,-1.933927,1.345008,0.102462,5.207255,-0.263736
4.030000,-1.472172,-1.886205,1.360635,0.106829,5.200459,-0.069429
4.040000,-1.462360,-1.838319,1.376938,0.111390,5.197178,0.006334
4.050000,-1.453337,-1.790278,1.393815,0.115707,5.196476,-0.002647
4.060000,-1.445132,-1.742092,1.411123,0.119219,5.197097,-0.042840
4.070000,-1.437772,-1.693771,1.428717,0.121363,5.197783,-0.060698
4.080000,-1.431282,-1.645325,1.446455,0.121682,5.197480,-0.009522
4.090000,-1.425661,-1.596770,1.464190,0.120391,5.196454,0.112759
4.100000,-1.420896,-1.548122,1.481772,0.117977,5.195498,0.290332
4.110000,-1.416974,-1.499399,1.499054,0.114924,5.195409,0.507333
4.120000,-1.413883,-1.450617,1.515897,0.111687,5.196936,0.748310
4.130000,-1.411603,-1.401791,1.532262,0.108439,5.200447,1.001185
4.140000,-1.410111,-1.352934,1.548154,0.105221,5.206121,1.255531
4.150000,-1.409384,-1.304059,1.563579,0.102068,5.214141,1.500935
4.160000,-1.409399,-1.255179,1.578544,0.099017,5.224661,1.727880
4.170000,-1.410134,-1.206305,1.593057,0.096062,5.237599,1.936250
4.180000,-1.411567,-1.157446,1.607124,0.093174,5.252730,2.131528
4.190000,-1.413677,-1.108612,1.620756,0.090326,5.269824,2.319269
4.200000,-1.416442,-1.059810,1.633959,0.087491,5.288663,2.504700
4.210000,-1.419841,-1.011050,1.646743,0.084674,5.309143,2.688536
4.220000,-1.423853,-0.962335,1.659117,0.081903,5.331242,2.868242
4.230000,-1.428458,-0.913673,1.671089,0.079206,5.354943,3.041208
4.240000,-1.433636,-0.865068,1.682669,0.076611,5.380223,3.204900
4.250000,-1.439366,-0.816526,1.693871,0.074133,5.407011,3.358101
4.260000,-1.445631,-0.768051,1.704715,0.071775,5.435191,3.500742
4.270000,-1.452414,-0.719644,1.715221,0.069544,5.464648,3.632791
4.280000,-1.459697,-0.671310,1.725407,0.067442,5.495265,3.754314
4.290000,-1.467463,-0.623052,1.735286,0.065445,5.526930,3.867763
4.300000,-1.475698,-0.574872,1.744860,0.063502,5.559533,3.978101
4.310000,-1.484386,-0.526770,1.754130,0.061559,5.592967,4.090407
4.320000,-1.493514,-0.478751,1.763100,0.059565,5.627124,4.209691
4.330000,-1.503065,-0.430813,1.771768,0.057499,5.661976,4.338347
4.340000,-1.513024,-0.382959,1.780128,0.055380,5.697588,4.475461
4.350000,-1.523376,-0.335188,1.788176,0.053229,5.734033,4.619906
4.360000,-1.534103,-0.287500,1.795905,0.051068,5.771385,4.770473
4.370000,-1.545191,-0.239894,1.803314,0.048917,5.809696,4.921175
4.380000,-1.556625,-0.192371,1.810408,0.046790,5.848989,5.058715
4.390000,-1.568388,-0.144927,1.817195,0.044702,5.889287,5.169177
4.400000,-1.580466,-0.097563,1.823679,0.042667,5.930608,5.238741
4.410000,-1.592843,-0.050276,1.829866,0.040689,5.972829,5.263396
4.420000,-1.605505,-0.003065,1.835758,0.038747,6.015559,5.257322
4.430000,-1.618438,0.044074,1.841358,0.036821,6.058379,5.236680
4.440000,-1.631628,0.091141,1.846669,0.034889,6.100870,5.217602
4.450000,-1.645062,0.138139,1.851691,0.032936,6.142766,5.210206
4.460000,-1.658725,0.185071,1.856422,0.030961,6.184145,5.211013
4.470000,-1.672602,0.231941,1.860859,0.028966,6.225132,5.214671
4.480000,-1.686681,0.278750,1.865000,0.026953,6.265855,5.215834
4.490000,-1.700946,0.325503,1.868841,0.024922,6.306396,5.211645
4.500000,-1.715384,0.372203,1.872379,0.022877,6.346726,5.206158
4.510000,-1.729979,0.418854,1.875612,0.020817,6.386798,5.204616
4.520000,-1.744719,0.465460,1.878535,0.018745,6.426561,5.212261
4.530000,-1.759587,0.512025,1.881150,0.016667,6.465995,5.230290
4.540000,-1.774570,0.558552,1.883463,0.014611,6.505180,5.246047
4.550000,-1.789655,0.605048,1.885484,0.012607,6.544217,5.243909
4.560000,-1.804827,0.651515,1.887224,0.010686,6.583205,5.208256
4.570000,-1.820073,0.697958,1.888690,0.008866,6.622178,5.089832
4.580000,-1.835380,0.744380,1.889888,0.007118,6.660886,4.696642
4.590000,-1.850736,0.790787,1.890819,0.005400,6.699001,3.798831
4.600000,-1.866129,0.837182,1.891486,0.003669,6.736199,2.166543
4.610000,-1.881548,0.883568,1.891891,0.001888,6.771303,-0.329349
4.620000,-1.896980,0.929950,1.892028,0.000052,6.798661,-3.287365
4.630000,-1.912411,0.976332,1.891889,-0.001833,6.811156,-6.131935
4.640000,-1.927829,1.022718,1.891467,-0.003762,6.801665,-8.287387
4.650000,-1.943222,1.069113,1.890754,-0.005726,6.764713,-9.275808
4.660000,-1.958575,1.115521,1.889753,-0.007702,6.705616,-9.261609
4.670000,-1.973875,1.161946,1.888469,-0.009660,6.634053,-8.668464
4.680000,-1.989109,1.208393,1.886906,-0.011570,6.559711,-7.920767
4.690000,-2.004263,1.254866,1.885071,-0.013406,6.491359,-7.402651
4.700000,-2.019325,1.301369,1.882965,-0.015183,6.430167,-7.165323
4.710000,-2.034283,1.347905,1.880590,-0.016936,6.373554,-7.095720
4.720000,-2.049124,1.394479,1.877947,-0.018697,6.318912,-7.079619
4.730000,-2.063836,1.441094,1.875038,-0.020499,6.263818,-7.010864
4.740000,-2.078406,1.487754,1.871857,-0.022351,6.207792,-6.868355
4.750000,-2.092822,1.534461,1.868401,-0.024247,6.151519,-6.682013
4.760000,-2.107069,1.581220,1.864662,-0.026181,6.095699,-6.482451
4.770000,-2.121134,1.628033,1.860635,-0.028148,6.040997,-6.298832
4.780000,-2.135004,1.674905,1.856313,-0.030146,5.987591,-6.140450
4.790000,-2.148664,1.721839,1.851692,-0.032177,5.935301,-6.002174
4.800000,-2.162100,1.768837,1.846765,-0.034241,5.883940,-5.878549
4.810000,-2.175297,1.815903,1.841527,-0.036339,5.833327,-5.764249
4.820000,-2.188240,1.863039,1.835979,-0.038455,5.783347,-5.656334
4.830000,-2.200915,1.910248,1.830124,-0.040561,5.733949,-5.553957
4.840000,-2.213306,1.957532,1.823969,-0.042626,5.685081,-5.456338
4.850000,-2.225398,2.004893,1.817517,-0.044621,5.636694,-5.362632
4.860000,-2.237177,2.052334,1.810774,-0.046544,5.588751,-5.270284
4.870000,-2.248629,2.099854,1.803744,-0.048422,5.541231,-5.174934
4.880000,-2.259740,2.147455,1.796433,-0.050281,5.494113,-5.072136
4.890000,-2.270496,2.195137,1.788844,-0.052148,5.447378,-4.957591
4.900000,-2.280883,2.242902,1.780973,-0.054060,5.401079,-4.832543
4.910000,-2.290885,2.290748,1.772798,-0.056064,5.355361,-4.705297
4.920000,-2.300488,2.338675,1.764299,-0.058207,5.310373,-4.584614
4.930000,-2.309676,2.386684,1.755455,-0.060535,5.266265,-4.479159
4.940000,-2.318433,2.434774,1.746255,-0.063040,5.223061,-4.391909
4.950000,-2.326739,2.482944,1.736698,-0.065624,5.180593,-4.317085
4.960000,-2.334576,2.531192,1.726788,-0.068186,5.138678,-4.248160
4.970000,-2.341924,2.579516,1.716525,-0.070622,5.097134,-4.178647
4.980000,-2.348766,2.627916,1.705913,-0.072888,5.055857,-4.106286
4.990000,-2.355085,2.676386,1.694954,-0.075051,5.014891,-4.036712
5.000000,-2.360864,2.724923,1.683653,-0.077189,4.974299,-3.976426
5.010000,-2.366086,2.773524,1.672011,-0.079380,4.934139,-3.931912
5.020000,-2.370736,2.822182,1.660036,-0.081657,4.894398,-3.906434
5.030000,-2.374796,2.870894,1.647738,-0.083949,4.854893,-3.895915
5.040000,-2.378249,2.919652,1.635126,-0.086170,4.815415,-3.895261
5.050000,-2.381079,2.968449,1.622212,-0.088237,4.775757,-3.899375
5.060000,-2.383269,3.017280,1.609008,-0.090099,4.735756,-3.901993
5.070000,-2.384807,3.066136,1.595528,-0.091805,4.695370,-3.893588
5.080000,-2.385681,3.115008,1.581788,-0.093422,4.654578,-3.864066
5.090000,-2.385877,3.163887,1.567803,-0.095017,4.613360,-3.803333
5.100000,-2.385383,3.212764,1.553574,-0.096674,4.571786,-3.705828
5.110000,-2.384185,3.261629,1.539050,-0.098541,4.530244,-3.581627
5.120000,-2.382266,3.310470,1.524171,-0.100779,4.489190,-3.444175
5.130000,-2.379613,3.359278,1.508878,-0.103549,4.449081,-3.306919
5.140000,-2.376207,3.408040,1.493111,-0.106955,4.410282,-3.179637
5.150000,-2.372023,3.456741,1.476830,-0.110860,4.372769,-3.056429
5.160000,-2.367033,3.505365,1.459997,-0.115062,4.336417,-2.927207
5.170000,-2.361210,3.553896,1.442572,-0.119358,4.301100,-2.781882
5.180000,-2.354524,3.602318,1.424520,-0.123585,4.266751,-2.614167
5.190000,-2.346948,3.650608,1.405820,-0.127780,4.233620,-2.437940
5.200000,-2.338455,3.698745,1.386453,-0.132048,4.202059,-2.273745
5.210000,-2.329015,3.746705,1.366403,-0.136493,4.172422,-2.142132
5.220000,-2.318600,3.794464,1.345653,-0.141194,4.144966,-2.059341
5.230000,-2.307183,3.841994,1.324203,-0.146057,4.119297,-2.013092
5.240000,-2.294733,3.889262,1.302055,-0.150918,4.094760,-1.979507
5.250000,-2.281223,3.936237,1.279214,-0.155613,4.070697,-1.934680
5.260000,-2.266625,3.982887,1.255695,-0.159967,4.046539,-1.859564
5.270000,-2.250923,4.029178,1.231613,-0.163710,4.022442,-1.775663
5.280000,-2.234107,4.075075,1.207130,-0.166529,3.998924,-1.724624
5.290000,-2.216169,4.120543,1.182411,-0.168105,3.976503,-1.748240
5.300000,-2.197099,4.165548,1.157610,-0.168182,3.955579,-1.881859
5.310000,-2.176907,4.210062,1.132799,-0.167110,3.935277,-2.092245
5.320000,-2.155615,4.254060,1.107995,-0.165606,3.913951,-2.304756
5.330000,-2.133242,4.297521,1.083217,-0.164393,3.889946,-2.444176
5.340000,-2.109808,4.340418,1.058471,-0.164169,3.861761,-2.440922
5.350000,-2.085322,4.382722,1.033636,-0.165270,3.830043,-2.303449
5.360000,-2.059784,4.424397,1.008492,-0.167772,3.797011,-2.097228
5.370000,-2.033192,4.465409,0.982820,-0.171744,3.764920,-1.889031
5.380000,-2.005547,4.505721,0.956405,-0.177232,3.735928,-1.743047
5.390000,-1.976839,4.545284,0.929152,-0.183847,3.710441,-1.675567
5.400000,-1.947054,4.584040,0.901068,-0.190819,3.687315,-1.660647
5.410000,-1.916177,4.621927,0.872167,-0.197366,3.665354,-1.670897
5.420000,-1.884193,4.658886,0.842461,-0.202725,3.643388,-1.679422
5.430000,-1.851101,4.694861,0.812003,-0.206719,3.620897,-1.672140
5.440000,-1.816917,4.729799,0.780886,-0.209786,3.598054,-1.648584
5.450000,-1.781657,4.763649,0.749206,-0.212397,3.575065,-1.608948
5.460000,-1.745336,4.796360,0.717056,-0.215016,3.552138,-1.553448
5.470000,-1.707975,4.827879,0.684469,-0.217918,3.529486,-1.483127
5.480000,-1.669601,4.858154,0.651402,-0.221137,3.507329,-1.400092
5.490000,-1.630241,4.887133,0.617804,-0.224691,3.485892,-1.306518
5.500000,-1.589922,4.914763,0.583625,-0.228598,3.465394,-1.204543
5.510000,-1.548674,4.940989,0.548821,-0.232842,3.446042,-1.093961
5.520000,-1.506531,4.965749,0.513351,-0.237363,3.428010,-0.970939
5.530000,-1.463529,4.988982,0.477175,-0.242093,3.411473,-0.831330
5.540000,-1.419702,5.010626,0.440253,-0.246967,3.396606,-0.671050
5.550000,-1.375093,5.030620,0.402560,-0.251927,3.383578,-0.492541
5.560000,-1.329759,5.048904,0.364096,-0.256927,3.372552,-0.310531
5.570000,-1.283759,5.065417,0.324866,-0.261926,3.363688,-0.141100
5.580000,-1.237151,5.080098,0.284873,-0.266881,3.357148,-0.000331
5.590000,-1.189995,5.092887,0.244120,-0.271748,3.353093,0.095696
5.600000,-1.142348,5.103724,0.202613,-0.276486,3.351685,0.130898
5.610000,-1.094270,5.112547,0.160353,-0.281052,3.353084,0.089193
